0,0,149
0,0.05,38
0,0.1,38
0,0.15,38
0,0.2,38
0,0.25,38
0,0.3,38
0,0.35,38
0,0.4,38
0,0.45,38
0,0.5,38
0,0.55,38
0,0.6,38
0,0.65,38
0,0.7,38
0,0.75,38
0,0.8,38
0,0.85,38
0,0.9,38
0,0.95,38
0,1,38
0,1.05,38
0,1.1,38
0,1.15,38
0,1.2,38
0,1.25,38
0,1.3,38
0,1.35,38
0,1.4,38
0,1.45,38
0,1.5,38
0,1.55,38
0,1.6,38
0,1.65,38
0,1.7,38
0,1.75,38
0,1.8,38
0,1.85,38
0,1.9,38
0,1.95,38
0,2,38
0,2.05,38
0,2.1,38
0,2.15,38
0,2.2,38
0,2.25,38
0,2.3,38
0,2.35,38
0,2.4,38
0,2.45,38
0,2.5,38
0,2.55,38
0,2.6,38
0,2.65,38
0,2.7,38
0,2.75,38
0,2.8,38
0,2.85,38
0,2.9,38
0,2.95,38
0,3,38
0,3.05,38
0,3.1,38
0,3.15,38
0,3.2,38
0,3.25,38
0,3.3,38
0,3.35,38
0,3.4,38
0,3.45,38
0,3.5,38
0,3.55,38
0,3.6,38
0,3.65,38
0,3.7,38
0,3.75,38
0,3.8,38
0,3.85,38
0,3.9,38
0,3.95,38
0,4,38
0,4.05,38
0,4.1,38
0,4.15,38
0,4.2,38
0,4.25,38
0,4.3,38
0,4.35,38
0,4.4,38
0,4.45,38
0,4.5,38
0,4.55,38
0,4.6,38
0,4.65,38
0,4.7,38
0,4.75,38
0,4.8,38
0,4.85,38
0,4.9,38
0,4.95,38
0,5,38
0,5.05,38
0,5.1,38
0,5.15,38
0,5.2,38
0,5.25,38
0,5.3,38
0,5.35,38
0,5.4,38
0,5.45,38
0,5.5,38
0,5.55,38
0,5.6,38
0,5.65,38
0,5.7,38
0,5.75,38
0,5.8,38
0,5.85,38
0,5.9,38
0,5.95,38
0,6,38
0,6.05,38
0,6.1,38
0,6.15,38
0,6.2,38
0,6.25,38
0,6.3,38
0,6.35,38
0,6.4,38
0,6.45,38
0,6.5,38
0,6.55,38
0,6.6,38
0,6.65,38
0,6.7,38
0,6.75,38
0,6.8,38
0,6.85,38
0,6.9,38
0,6.95,38
0,7,38
0,7.05,38
0,7.1,38
0,7.15,38
0,7.2,38
0,7.25,38
0,7.3,38
0,7.35,38
0,7.4,38
0,7.45,38
0,7.5,38
0,7.55,38
0,7.6,38
0,7.65,38
0,7.7,38
0,7.75,38
0,7.8,38
0,7.85,38
0,7.9,38
0,7.95,38
0,8,38
0,8.05,38
0,8.1,38
0,8.15,38
0,8.2,38
0,8.25,38
0,8.3,38
0,8.35,38
0,8.4,38
0,8.45,38
0,8.5,38
0,8.55,38
0,8.6,38
0,8.65,38
0,8.7,38
0,8.75,38
0,8.8,38
0,8.85,38
0,8.9,38
0,8.95,38
0,9,38
0,9.05,38
0,9.1,38
0,9.15,38
0,9.2,38
0,9.25,38
0,9.3,38
0,9.35,38
0,9.4,38
0,9.45,38
0,9.5,38
0,9.55,38
0,9.6,38
0,9.65,38
0,9.7,38
0,9.75,38
0,9.8,38
0,9.85,38
0,9.9,38
0,9.95,38
0,10,38
0,10.05,38
0,10.1,38
0,10.15,38
0,10.2,38
0,10.25,38
0,10.3,38
0,10.35,38
0,10.4,38
0,10.45,38
0,10.5,38
0,10.55,38
0,10.6,38
0,10.65,38
0,10.7,38
0,10.75,38
0,10.8,38
0,10.85,38
0,10.9,38
0,10.95,38
0,11,38
0,11.05,38
0,11.1,38
0,11.15,38
0,11.2,38
0,11.25,38
0,11.3,38
0,11.35,38
0,11.4,38
0,11.45,38
0,11.5,38
0,11.55,38
0,11.6,38
0,11.65,38
0,11.7,38
0,11.75,38
0,11.8,38
0,11.85,38
0,11.9,38
0,11.95,38
0,12,38
0,12.05,38
0,12.1,38
0,12.15,38
0,12.2,38
0,12.25,38
0,12.3,38
0,12.35,38
0,12.4,38
0,12.45,38
0,12.5,38
0,12.55,38
0,12.6,38
0,12.65,38
0,12.7,38
0,12.75,38
0,12.8,38
0,12.85,38
0,12.9,38
0,12.95,38
0,13,38
0,13.05,38
0,13.1,38
0,13.15,38
0,13.2,38
0,13.25,38
0,13.3,38
0,13.35,38
0,13.4,38
0,13.45,38
0,13.5,38
0,13.55,38
0,13.6,38
0,13.65,38
0,13.7,38
0,13.75,38
0,13.8,38
0,13.85,38
0,13.9,38
0,13.95,38
0,14,38
0,14.05,38
0,14.1,38
0,14.15,38
0,14.2,38
0,14.25,38
0,14.3,38
0,14.35,38
0,14.4,38
0,14.45,38
0,14.5,38
0,14.55,38
0,14.6,38
0,14.65,38
0,14.7,38
0,14.75,38
0,14.8,38
0,14.85,38
0,14.9,38
0,14.95,38
0,15,38
0,15.05,38
0,15.1,38
0,15.15,38
0,15.2,38
0,15.25,38
0,15.3,38
0,15.35,38
0,15.4,38
0,15.45,38
0,15.5,38
0,15.55,38
0,15.6,38
0,15.65,38
0,15.7,38
0,15.75,38
0,15.8,38
0,15.85,38
0,15.9,38
0,15.95,38
0,16,38
0,16.05,38
0,16.1,38
0,16.15,38
0,16.2,38
0,16.25,38
0,16.3,38
0,16.35,38
0,16.4,38
0,16.45,38
0,16.5,38
0,16.55,38
0,16.6,38
0,16.65,38
0,16.7,38
0,16.75,38
0,16.8,38
0,16.85,38
0,16.9,38
0,16.95,38
0,17,38
0,17.05,38
0,17.1,38
0,17.15,38
0,17.2,38
0,17.25,38
0,17.3,38
0,17.35,38
0,17.4,38
0,17.45,38
0,17.5,38
0,17.55,38
0,17.6,38
0,17.65,38
0,17.7,38
0,17.75,38
0,17.8,38
0,17.85,38
0,17.9,38
0,17.95,38
0,18,38
0,18.05,38
0,18.1,38
0,18.15,38
0,18.2,38
0,18.25,38
0,18.3,38
0,18.35,38
0,18.4,38
0,18.45,38
0,18.5,38
0,18.55,38
0,18.6,38
0,18.65,38
0,18.7,38
0,18.75,38
0,18.8,38
0,18.85,38
0,18.9,38
0,18.95,38
0,19,38
0,19.05,38
0,19.1,38
0,19.15,38
0,19.2,38
0,19.25,38
0,19.3,38
0,19.35,38
0,19.4,38
0,19.45,38
0,19.5,38
0,19.55,38
0,19.6,38
0,19.65,38
0,19.7,38
0,19.75,38
0,19.8,38
0,19.85,38
0,19.9,38
0,19.95,38
0,20,38
0,20.05,38
0,20.1,38
0,20.15,38
0,20.2,38
0,20.25,38
0,20.3,38
0,20.35,38
0,20.4,38
0,20.45,38
0,20.5,38
0,20.55,38
0,20.6,38
0,20.65,38
0,20.7,38
0,20.75,38
0,20.8,38
0,20.85,38
0,20.9,38
0,20.95,38
0,21,38
0,21.05,38
0,21.1,38
0,21.15,38
0,21.2,38
0,21.25,38
0,21.3,38
0,21.35,38
0,21.4,38
0,21.45,38
0,21.5,38
0,21.55,38
0,21.6,38
0,21.65,38
0,21.7,38
0,21.75,38
0,21.8,38
0,21.85,38
0,21.9,38
0,21.95,38
0,22,38
0,22.05,38
0,22.1,38
0,22.15,38
0,22.2,38
0,22.25,38
0,22.3,38
0,22.35,38
0,22.4,38
0,22.45,38
0,22.5,38
0,22.55,38
0,22.6,38
0,22.65,38
0,22.7,38
0,22.75,38
0,22.8,38
0,22.85,38
0,22.9,38
0,22.95,38
0,23,38
0,23.05,38
0,23.1,38
0,23.15,38
0,23.2,38
0,23.25,38
0,23.3,38
0,23.35,38
0,23.4,38
0,23.45,38
0,23.5,38
0,23.55,38
0,23.6,38
0,23.65,38
0,23.7,38
0,23.75,38
0,23.8,38
0,23.85,38
0,23.9,38
0,23.95,38
0,24,38
0,24.05,38
0,24.1,38
0,24.15,38
0,24.2,38
0,24.25,38
0,24.3,38
0,24.35,38
0,24.4,38
0,24.45,38
0,24.5,38
0,24.55,38
0,24.6,38
0,24.65,38
0,24.7,38
0,24.75,38
0,24.8,38
0,24.85,38
0,24.9,38
0,24.95,38
0,25,38
0,25.05,38
0,25.1,38
0,25.15,38
0,25.2,38
0,25.25,38
0,25.3,38
0,25.35,38
0,25.4,38
0,25.45,38
0,25.5,38
0,25.55,38
0,25.6,38
0,25.65,38
0,25.7,38
0,25.75,38
0,25.8,38
0,25.85,38
0,25.9,38
0,25.95,38
0,26,38
0,26.05,38
0,26.1,38
0,26.15,38
0,26.2,38
0,26.25,38
0,26.3,38
0,26.35,38
0,26.4,38
0,26.45,38
0,26.5,38
0,26.55,38
0,26.6,38
0,26.65,38
0,26.7,38
0,26.75,38
0,26.8,38
0,26.85,38
0,26.9,38
0,26.95,38
0,27,38
0,27.05,38
0,27.1,38
0,27.15,38
0,27.2,38
0,27.25,38
0,27.3,38
0,27.35,38
0,27.4,38
0,27.45,38
0,27.5,38
0,27.55,38
0,27.6,38
0,27.65,38
0,27.7,38
0,27.75,38
0,27.8,38
0,27.85,38
0,27.9,38
0,27.95,38
0,28,38
0,28.05,38
0,28.1,38
0,28.15,38
0,28.2,38
0,28.25,38
0,28.3,38
0,28.35,38
0,28.4,38
0,28.45,38
0,28.5,38
0,28.55,38
0,28.6,38
0,28.65,38
0,28.7,38
0,28.75,38
0,28.8,38
0,28.85,38
0,28.9,38
0,28.95,38
0,29,38
0,29.05,38
0,29.1,38
0,29.15,38
0,29.2,38
0,29.25,38
0,29.3,38
0,29.35,38
0,29.4,38
0,29.45,38
0,29.5,38
0,29.55,38
0,29.6,38
0,29.65,38
0,29.7,38
0,29.75,38
0,29.8,38
0,29.85,38
0,29.9,38
0,29.95,38
0,30,38
0,30.05,38
0,30.1,38
0,30.15,38
0,30.2,38
0,30.25,38
0,30.3,38
0,30.35,38
0,30.4,38
0,30.45,38
0,30.5,38
0,30.55,38
0,30.6,38
0,30.65,38
0,30.7,38
0,30.75,38
0,30.8,38
0,30.85,38
0,30.9,38
0,30.95,38
0,31,149
0.1,0,149
0.1,0.05,72.4579
0.1,0.1,97.6187
0.1,0.15,115.595
0.1,0.2,128.069
0.1,0.25,136.374
0.1,0.3,141.56
0.1,0.35,144.446
0.1,0.4,145.669
0.1,0.45,145.718
0.1,0.5,144.963
0.1,0.55,143.683
0.1,0.6,142.085
0.1,0.65,140.317
0.1,0.7,138.484
0.1,0.75,136.66
0.1,0.8,134.889
0.1,0.85,133.201
0.1,0.9,131.609
0.1,0.95,130.118
0.1,1,128.726
0.1,1.05,127.427
0.1,1.1,126.211
0.1,1.15,125.069
0.1,1.2,123.989
0.1,1.25,122.962
0.1,1.3,121.976
0.1,1.35,121.025
0.1,1.4,120.098
0.1,1.45,119.191
0.1,1.5,118.297
0.1,1.55,117.411
0.1,1.6,116.53
0.1,1.65,115.651
0.1,1.7,114.772
0.1,1.75,113.892
0.1,1.8,113.009
0.1,1.85,112.123
0.1,1.9,111.234
0.1,1.95,110.343
0.1,2,109.449
0.1,2.05,108.554
0.1,2.1,107.657
0.1,2.15,106.76
0.1,2.2,105.863
0.1,2.25,104.968
0.1,2.3,104.075
0.1,2.35,103.184
0.1,2.4,102.296
0.1,2.45,101.413
0.1,2.5,100.534
0.1,2.55,99.6602
0.1,2.6,98.7918
0.1,2.65,97.9292
0.1,2.7,97.0727
0.1,2.75,96.2227
0.1,2.8,95.3793
0.1,2.85,94.5428
0.1,2.9,93.7133
0.1,2.95,92.8909
0.1,3,92.0757
0.1,3.05,91.2677
0.1,3.1,90.467
0.1,3.15,89.6736
0.1,3.2,88.8875
0.1,3.25,88.1088
0.1,3.3,87.3373
0.1,3.35,86.5731
0.1,3.4,85.8162
0.1,3.45,85.0666
0.1,3.5,84.3241
0.1,3.55,83.5889
0.1,3.6,82.8608
0.1,3.65,82.1399
0.1,3.7,81.4261
0.1,3.75,80.7195
0.1,3.8,80.02
0.1,3.85,79.3276
0.1,3.9,78.6423
0.1,3.95,77.9641
0.1,4,77.2929
0.1,4.05,76.6289
0.1,4.1,75.972
0.1,4.15,75.3221
0.1,4.2,74.6794
0.1,4.25,74.0438
0.1,4.3,73.4152
0.1,4.35,72.7938
0.1,4.4,72.1795
0.1,4.45,71.5723
0.1,4.5,70.9722
0.1,4.55,70.3792
0.1,4.6,69.7934
0.1,4.65,69.2146
0.1,4.7,68.643
0.1,4.75,68.0785
0.1,4.8,67.5211
0.1,4.85,66.9707
0.1,4.9,66.4275
0.1,4.95,65.8913
0.1,5,65.3621
0.1,5.05,64.84
0.1,5.1,64.3249
0.1,5.15,63.8167
0.1,5.2,63.3156
0.1,5.25,62.8214
0.1,5.3,62.3341
0.1,5.35,61.8537
0.1,5.4,61.3801
0.1,5.45,60.9134
0.1,5.5,60.4535
0.1,5.55,60.0003
0.1,5.6,59.5538
0.1,5.65,59.114
0.1,5.7,58.6809
0.1,5.75,58.2543
0.1,5.8,57.8343
0.1,5.85,57.4208
0.1,5.9,57.0138
0.1,5.95,56.6131
0.1,6,56.2189
0.1,6.05,55.8309
0.1,6.1,55.4493
0.1,6.15,55.0738
0.1,6.2,54.7046
0.1,6.25,54.3414
0.1,6.3,53.9843
0.1,6.35,53.6332
0.1,6.4,53.288
0.1,6.45,52.9488
0.1,6.5,52.6154
0.1,6.55,52.2878
0.1,6.6,51.9659
0.1,6.65,51.6497
0.1,6.7,51.3391
0.1,6.75,51.034
0.1,6.8,50.7345
0.1,6.85,50.4404
0.1,6.9,50.1516
0.1,6.95,49.8682
0.1,7,49.5901
0.1,7.05,49.3171
0.1,7.1,49.0493
0.1,7.15,48.7865
0.1,7.2,48.5288
0.1,7.25,48.276
0.1,7.3,48.0281
0.1,7.35,47.7851
0.1,7.4,47.5468
0.1,7.45,47.3132
0.1,7.5,47.0843
0.1,7.55,46.8599
0.1,7.6,46.6401
0.1,7.65,46.4247
0.1,7.7,46.2138
0.1,7.75,46.0072
0.1,7.8,45.8048
0.1,7.85,45.6067
0.1,7.9,45.4127
0.1,7.95,45.2228
0.1,8,45.037
0.1,8.05,44.8551
0.1,8.1,44.6771
0.1,8.15,44.503
0.1,8.2,44.3327
0.1,8.25,44.1661
0.1,8.3,44.0032
0.1,8.35,43.8439
0.1,8.4,43.6882
0.1,8.45,43.5359
0.1,8.5,43.3871
0.1,8.55,43.2417
0.1,8.6,43.0996
0.1,8.65,42.9607
0.1,8.7,42.8251
0.1,8.75,42.6926
0.1,8.8,42.5632
0.1,8.85,42.4369
0.1,8.9,42.3135
0.1,8.95,42.1931
0.1,9,42.0756
0.1,9.05,41.9609
0.1,9.1,41.8489
0.1,9.15,41.7397
0.1,9.2,41.6332
0.1,9.25,41.5293
0.1,9.3,41.4279
0.1,9.35,41.3291
0.1,9.4,41.2327
0.1,9.45,41.1388
0.1,9.5,41.0472
0.1,9.55,40.9579
0.1,9.6,40.871
0.1,9.65,40.7862
0.1,9.7,40.7037
0.1,9.75,40.6232
0.1,9.8,40.5449
0.1,9.85,40.4686
0.1,9.9,40.3944
0.1,9.95,40.3221
0.1,10,40.2517
0.1,10.05,40.1832
0.1,10.1,40.1165
0.1,10.15,40.0517
0.1,10.2,39.9886
0.1,10.25,39.9272
0.1,10.3,39.8674
0.1,10.35,39.8094
0.1,10.4,39.7529
0.1,10.45,39.698
0.1,10.5,39.6446
0.1,10.55,39.5928
0.1,10.6,39.5424
0.1,10.65,39.4934
0.1,10.7,39.4458
0.1,10.75,39.3995
0.1,10.8,39.3546
0.1,10.85,39.311
0.1,10.9,39.2687
0.1,10.95,39.2275
0.1,11,39.1876
0.1,11.05,39.1489
0.1,11.1,39.1113
0.1,11.15,39.0748
0.1,11.2,39.0393
0.1,11.25,39.005
0.1,11.3,38.9717
0.1,11.35,38.9394
0.1,11.4,38.908
0.1,11.45,38.8776
0.1,11.5,38.8482
0.1,11.55,38.8196
0.1,11.6,38.7919
0.1,11.65,38.7651
0.1,11.7,38.7391
0.1,11.75,38.7139
0.1,11.8,38.6896
0.1,11.85,38.6659
0.1,11.9,38.6431
0.1,11.95,38.6209
0.1,12,38.5995
0.1,12.05,38.5787
0.1,12.1,38.5587
0.1,12.15,38.5392
0.1,12.2,38.5204
0.1,12.25,38.5022
0.1,12.3,38.4847
0.1,12.35,38.4676
0.1,12.4,38.4512
0.1,12.45,38.4353
0.1,12.5,38.4199
0.1,12.55,38.4051
0.1,12.6,38.3907
0.1,12.65,38.3769
0.1,12.7,38.3635
0.1,12.75,38.3506
0.1,12.8,38.3381
0.1,12.85,38.326
0.1,12.9,38.3144
0.1,12.95,38.3032
0.1,13,38.2924
0.1,13.05,38.2819
0.1,13.1,38.2719
0.1,13.15,38.2622
0.1,13.2,38.2528
0.1,13.25,38.2438
0.1,13.3,38.2352
0.1,13.35,38.2268
0.1,13.4,38.2188
0.1,13.45,38.211
0.1,13.5,38.2036
0.1,13.55,38.1964
0.1,13.6,38.1896
0.1,13.65,38.183
0.1,13.7,38.1766
0.1,13.75,38.1705
0.1,13.8,38.1647
0.1,13.85,38.1591
0.1,13.9,38.1538
0.1,13.95,38.1486
0.1,14,38.1437
0.1,14.05,38.139
0.1,14.1,38.1345
0.1,14.15,38.1303
0.1,14.2,38.1262
0.1,14.25,38.1223
0.1,14.3,38.1186
0.1,14.35,38.1151
0.1,14.4,38.1118
0.1,14.45,38.1086
0.1,14.5,38.1056
0.1,14.55,38.1028
0.1,14.6,38.1002
0.1,14.65,38.0977
0.1,14.7,38.0954
0.1,14.75,38.0932
0.1,14.8,38.0912
0.1,14.85,38.0893
0.1,14.9,38.0876
0.1,14.95,38.086
0.1,15,38.0846
0.1,15.05,38.0833
0.1,15.1,38.0821
0.1,15.15,38.0811
0.1,15.2,38.0803
0.1,15.25,38.0795
0.1,15.3,38.0789
0.1,15.35,38.0785
0.1,15.4,38.0781
0.1,15.45,38.0779
0.1,15.5,38.0779
0.1,15.55,38.0779
0.1,15.6,38.0781
0.1,15.65,38.0785
0.1,15.7,38.0789
0.1,15.75,38.0795
0.1,15.8,38.0803
0.1,15.85,38.0811
0.1,15.9,38.0821
0.1,15.95,38.0833
0.1,16,38.0846
0.1,16.05,38.086
0.1,16.1,38.0876
0.1,16.15,38.0893
0.1,16.2,38.0912
0.1,16.25,38.0932
0.1,16.3,38.0954
0.1,16.35,38.0977
0.1,16.4,38.1002
0.1,16.45,38.1028
0.1,16.5,38.1056
0.1,16.55,38.1086
0.1,16.6,38.1118
0.1,16.65,38.1151
0.1,16.7,38.1186
0.1,16.75,38.1223
0.1,16.8,38.1262
0.1,16.85,38.1303
0.1,16.9,38.1345
0.1,16.95,38.139
0.1,17,38.1437
0.1,17.05,38.1486
0.1,17.1,38.1538
0.1,17.15,38.1591
0.1,17.2,38.1647
0.1,17.25,38.1705
0.1,17.3,38.1766
0.1,17.35,38.183
0.1,17.4,38.1896
0.1,17.45,38.1964
0.1,17.5,38.2036
0.1,17.55,38.211
0.1,17.6,38.2188
0.1,17.65,38.2268
0.1,17.7,38.2352
0.1,17.75,38.2438
0.1,17.8,38.2528
0.1,17.85,38.2622
0.1,17.9,38.2719
0.1,17.95,38.2819
0.1,18,38.2924
0.1,18.05,38.3032
0.1,18.1,38.3144
0.1,18.15,38.326
0.1,18.2,38.3381
0.1,18.25,38.3506
0.1,18.3,38.3635
0.1,18.35,38.3769
0.1,18.4,38.3907
0.1,18.45,38.4051
0.1,18.5,38.4199
0.1,18.55,38.4353
0.1,18.6,38.4512
0.1,18.65,38.4676
0.1,18.7,38.4847
0.1,18.75,38.5022
0.1,18.8,38.5204
0.1,18.85,38.5392
0.1,18.9,38.5587
0.1,18.95,38.5787
0.1,19,38.5995
0.1,19.05,38.6209
0.1,19.1,38.6431
0.1,19.15,38.6659
0.1,19.2,38.6896
0.1,19.25,38.7139
0.1,19.3,38.7391
0.1,19.35,38.7651
0.1,19.4,38.7919
0.1,19.45,38.8196
0.1,19.5,38.8482
0.1,19.55,38.8776
0.1,19.6,38.908
0.1,19.65,38.9394
0.1,19.7,38.9717
0.1,19.75,39.005
0.1,19.8,39.0393
0.1,19.85,39.0748
0.1,19.9,39.1113
0.1,19.95,39.1489
0.1,20,39.1876
0.1,20.05,39.2275
0.1,20.1,39.2687
0.1,20.15,39.311
0.1,20.2,39.3546
0.1,20.25,39.3995
0.1,20.3,39.4458
0.1,20.35,39.4934
0.1,20.4,39.5424
0.1,20.45,39.5928
0.1,20.5,39.6446
0.1,20.55,39.698
0.1,20.6,39.7529
0.1,20.65,39.8094
0.1,20.7,39.8674
0.1,20.75,39.9272
0.1,20.8,39.9886
0.1,20.85,40.0517
0.1,20.9,40.1165
0.1,20.95,40.1832
0.1,21,40.2517
0.1,21.05,40.3221
0.1,21.1,40.3944
0.1,21.15,40.4686
0.1,21.2,40.5449
0.1,21.25,40.6232
0.1,21.3,40.7037
0.1,21.35,40.7862
0.1,21.4,40.871
0.1,21.45,40.9579
0.1,21.5,41.0472
0.1,21.55,41.1388
0.1,21.6,41.2327
0.1,21.65,41.3291
0.1,21.7,41.4279
0.1,21.75,41.5293
0.1,21.8,41.6332
0.1,21.85,41.7397
0.1,21.9,41.8489
0.1,21.95,41.9609
0.1,22,42.0756
0.1,22.05,42.1931
0.1,22.1,42.3135
0.1,22.15,42.4369
0.1,22.2,42.5632
0.1,22.25,42.6926
0.1,22.3,42.8251
0.1,22.35,42.9607
0.1,22.4,43.0996
0.1,22.45,43.2417
0.1,22.5,43.3871
0.1,22.55,43.5359
0.1,22.6,43.6882
0.1,22.65,43.8439
0.1,22.7,44.0032
0.1,22.75,44.1661
0.1,22.8,44.3327
0.1,22.85,44.503
0.1,22.9,44.6771
0.1,22.95,44.8551
0.1,23,45.037
0.1,23.05,45.2228
0.1,23.1,45.4127
0.1,23.15,45.6067
0.1,23.2,45.8048
0.1,23.25,46.0072
0.1,23.3,46.2138
0.1,23.35,46.4247
0.1,23.4,46.6401
0.1,23.45,46.8599
0.1,23.5,47.0843
0.1,23.55,47.3132
0.1,23.6,47.5468
0.1,23.65,47.7851
0.1,23.7,48.0281
0.1,23.75,48.276
0.1,23.8,48.5288
0.1,23.85,48.7865
0.1,23.9,49.0493
0.1,23.95,49.3171
0.1,24,49.5901
0.1,24.05,49.8682
0.1,24.1,50.1516
0.1,24.15,50.4404
0.1,24.2,50.7345
0.1,24.25,51.034
0.1,24.3,51.3391
0.1,24.35,51.6497
0.1,24.4,51.9659
0.1,24.45,52.2878
0.1,24.5,52.6154
0.1,24.55,52.9488
0.1,24.6,53.288
0.1,24.65,53.6332
0.1,24.7,53.9843
0.1,24.75,54.3414
0.1,24.8,54.7046
0.1,24.85,55.0738
0.1,24.9,55.4493
0.1,24.95,55.8309
0.1,25,56.2189
0.1,25.05,56.6131
0.1,25.1,57.0138
0.1,25.15,57.4208
0.1,25.2,57.8343
0.1,25.25,58.2543
0.1,25.3,58.6809
0.1,25.35,59.114
0.1,25.4,59.5538
0.1,25.45,60.0003
0.1,25.5,60.4535
0.1,25.55,60.9134
0.1,25.6,61.3801
0.1,25.65,61.8537
0.1,25.7,62.3341
0.1,25.75,62.8214
0.1,25.8,63.3156
0.1,25.85,63.8167
0.1,25.9,64.3249
0.1,25.95,64.84
0.1,26,65.3621
0.1,26.05,65.8913
0.1,26.1,66.4275
0.1,26.15,66.9707
0.1,26.2,67.5211
0.1,26.25,68.0785
0.1,26.3,68.643
0.1,26.35,69.2146
0.1,26.4,69.7934
0.1,26.45,70.3792
0.1,26.5,70.9722
0.1,26.55,71.5723
0.1,26.6,72.1795
0.1,26.65,72.7938
0.1,26.7,73.4152
0.1,26.75,74.0438
0.1,26.8,74.6794
0.1,26.85,75.3221
0.1,26.9,75.972
0.1,26.95,76.6289
0.1,27,77.2929
0.1,27.05,77.9641
0.1,27.1,78.6423
0.1,27.15,79.3276
0.1,27.2,80.02
0.1,27.25,80.7195
0.1,27.3,81.4261
0.1,27.35,82.1399
0.1,27.4,82.8608
0.1,27.45,83.5889
0.1,27.5,84.3241
0.1,27.55,85.0666
0.1,27.6,85.8162
0.1,27.65,86.5731
0.1,27.7,87.3373
0.1,27.75,88.1088
0.1,27.8,88.8875
0.1,27.85,89.6736
0.1,27.9,90.467
0.1,27.95,91.2677
0.1,28,92.0757
0.1,28.05,92.8909
0.1,28.1,93.7133
0.1,28.15,94.5428
0.1,28.2,95.3793
0.1,28.25,96.2227
0.1,28.3,97.0727
0.1,28.35,97.9292
0.1,28.4,98.7918
0.1,28.45,99.6602
0.1,28.5,100.534
0.1,28.55,101.413
0.1,28.6,102.296
0.1,28.65,103.184
0.1,28.7,104.075
0.1,28.75,104.968
0.1,28.8,105.863
0.1,28.85,106.76
0.1,28.9,107.657
0.1,28.95,108.554
0.1,29,109.449
0.1,29.05,110.343
0.1,29.1,111.234
0.1,29.15,112.123
0.1,29.2,113.009
0.1,29.25,113.892
0.1,29.3,114.772
0.1,29.35,115.651
0.1,29.4,116.53
0.1,29.45,117.411
0.1,29.5,118.297
0.1,29.55,119.191
0.1,29.6,120.098
0.1,29.65,121.025
0.1,29.7,121.976
0.1,29.75,122.962
0.1,29.8,123.989
0.1,29.85,125.069
0.1,29.9,126.211
0.1,29.95,127.427
0.1,30,128.726
0.1,30.05,130.118
0.1,30.1,131.609
0.1,30.15,133.201
0.1,30.2,134.889
0.1,30.25,136.66
0.1,30.3,138.484
0.1,30.35,140.317
0.1,30.4,142.085
0.1,30.45,143.683
0.1,30.5,144.963
0.1,30.55,145.718
0.1,30.6,145.669
0.1,30.65,144.446
0.1,30.7,141.56
0.1,30.75,136.374
0.1,30.8,128.069
0.1,30.85,115.595
0.1,30.9,97.6187
0.1,30.95,72.4579
0.1,31,149
0.2,0,149
0.2,0.05,84.4619
0.2,0.1,114.185
0.2,0.15,132.367
0.2,0.2,142.749
0.2,0.25,147.998
0.2,0.3,149.982
0.2,0.35,149.985
0.2,0.4,148.876
0.2,0.45,147.218
0.2,0.5,145.369
0.2,0.55,143.54
0.2,0.6,141.842
0.2,0.65,140.327
0.2,0.7,139.004
0.2,0.75,137.861
0.2,0.8,136.873
0.2,0.85,136.011
0.2,0.9,135.244
0.2,0.95,134.548
0.2,1,133.898
0.2,1.05,133.275
0.2,1.1,132.666
0.2,1.15,132.059
0.2,1.2,131.447
0.2,1.25,130.825
0.2,1.3,130.191
0.2,1.35,129.544
0.2,1.4,128.883
0.2,1.45,128.211
0.2,1.5,127.529
0.2,1.55,126.838
0.2,1.6,126.14
0.2,1.65,125.438
0.2,1.7,124.733
0.2,1.75,124.026
0.2,1.8,123.319
0.2,1.85,122.612
0.2,1.9,121.907
0.2,1.95,121.205
0.2,2,120.505
0.2,2.05,119.809
0.2,2.1,119.116
0.2,2.15,118.426
0.2,2.2,117.739
0.2,2.25,117.056
0.2,2.3,116.376
0.2,2.35,115.699
0.2,2.4,115.026
0.2,2.45,114.355
0.2,2.5,113.687
0.2,2.55,113.022
0.2,2.6,112.359
0.2,2.65,111.699
0.2,2.7,111.041
0.2,2.75,110.386
0.2,2.8,109.733
0.2,2.85,109.082
0.2,2.9,108.434
0.2,2.95,107.788
0.2,3,107.144
0.2,3.05,106.503
0.2,3.1,105.865
0.2,3.15,105.229
0.2,3.2,104.595
0.2,3.25,103.964
0.2,3.3,103.336
0.2,3.35,102.71
0.2,3.4,102.087
0.2,3.45,101.467
0.2,3.5,100.85
0.2,3.55,100.235
0.2,3.6,99.6237
0.2,3.65,99.0151
0.2,3.7,98.4094
0.2,3.75,97.8067
0.2,3.8,97.2071
0.2,3.85,96.6105
0.2,3.9,96.017
0.2,3.95,95.4266
0.2,4,94.8394
0.2,4.05,94.2553
0.2,4.1,93.6744
0.2,4.15,93.0967
0.2,4.2,92.5223
0.2,4.25,91.9511
0.2,4.3,91.3831
0.2,4.35,90.8185
0.2,4.4,90.2571
0.2,4.45,89.6991
0.2,4.5,89.1444
0.2,4.55,88.593
0.2,4.6,88.045
0.2,4.65,87.5004
0.2,4.7,86.9592
0.2,4.75,86.4214
0.2,4.8,85.887
0.2,4.85,85.356
0.2,4.9,84.8285
0.2,4.95,84.3045
0.2,5,83.7839
0.2,5.05,83.2668
0.2,5.1,82.7532
0.2,5.15,82.2431
0.2,5.2,81.7365
0.2,5.25,81.2335
0.2,5.3,80.7339
0.2,5.35,80.238
0.2,5.4,79.7455
0.2,5.45,79.2567
0.2,5.5,78.7714
0.2,5.55,78.2896
0.2,5.6,77.8115
0.2,5.65,77.3369
0.2,5.7,76.8659
0.2,5.75,76.3986
0.2,5.8,75.9348
0.2,5.85,75.4746
0.2,5.9,75.0181
0.2,5.95,74.5651
0.2,6,74.1158
0.2,6.05,73.67
0.2,6.1,73.2279
0.2,6.15,72.7894
0.2,6.2,72.3545
0.2,6.25,71.9232
0.2,6.3,71.4956
0.2,6.35,71.0715
0.2,6.4,70.6511
0.2,6.45,70.2342
0.2,6.5,69.821
0.2,6.55,69.4114
0.2,6.6,69.0054
0.2,6.65,68.6029
0.2,6.7,68.2041
0.2,6.75,67.8088
0.2,6.8,67.4171
0.2,6.85,67.029
0.2,6.9,66.6445
0.2,6.95,66.2635
0.2,7,65.8861
0.2,7.05,65.5122
0.2,7.1,65.1418
0.2,7.15,64.775
0.2,7.2,64.4117
0.2,7.25,64.0519
0.2,7.3,63.6957
0.2,7.35,63.3429
0.2,7.4,62.9936
0.2,7.45,62.6477
0.2,7.5,62.3054
0.2,7.55,61.9664
0.2,7.6,61.631
0.2,7.65,61.2989
0.2,7.7,60.9703
0.2,7.75,60.645
0.2,7.8,60.3232
0.2,7.85,60.0047
0.2,7.9,59.6896
0.2,7.95,59.3779
0.2,8,59.0695
0.2,8.05,58.7644
0.2,8.1,58.4626
0.2,8.15,58.1641
0.2,8.2,57.8689
0.2,8.25,57.5769
0.2,8.3,57.2882
0.2,8.35,57.0028
0.2,8.4,56.7205
0.2,8.45,56.4415
0.2,8.5,56.1656
0.2,8.55,55.8929
0.2,8.6,55.6234
0.2,8.65,55.357
0.2,8.7,55.0937
0.2,8.75,54.8335
0.2,8.8,54.5764
0.2,8.85,54.3223
0.2,8.9,54.0713
0.2,8.95,53.8233
0.2,9,53.5784
0.2,9.05,53.3364
0.2,9.1,53.0974
0.2,9.15,52.8613
0.2,9.2,52.6282
0.2,9.25,52.398
0.2,9.3,52.1707
0.2,9.35,51.9463
0.2,9.4,51.7247
0.2,9.45,51.506
0.2,9.5,51.2901
0.2,9.55,51.077
0.2,9.6,50.8667
0.2,9.65,50.6591
0.2,9.7,50.4543
0.2,9.75,50.2522
0.2,9.8,50.0528
0.2,9.85,49.8561
0.2,9.9,49.6621
0.2,9.95,49.4706
0.2,10,49.2819
0.2,10.05,49.0957
0.2,10.1,48.9121
0.2,10.15,48.731
0.2,10.2,48.5525
0.2,10.25,48.3766
0.2,10.3,48.2031
0.2,10.35,48.0321
0.2,10.4,47.8636
0.2,10.45,47.6975
0.2,10.5,47.5338
0.2,10.55,47.3726
0.2,10.6,47.2137
0.2,10.65,47.0572
0.2,10.7,46.903
0.2,10.75,46.7511
0.2,10.8,46.6016
0.2,10.85,46.4543
0.2,10.9,46.3093
0.2,10.95,46.1665
0.2,11,46.0259
0.2,11.05,45.8876
0.2,11.1,45.7514
0.2,11.15,45.6174
0.2,11.2,45.4856
0.2,11.25,45.3559
0.2,11.3,45.2283
0.2,11.35,45.1027
0.2,11.4,44.9793
0.2,11.45,44.8579
0.2,11.5,44.7385
0.2,11.55,44.6211
0.2,11.6,44.5058
0.2,11.65,44.3924
0.2,11.7,44.2809
0.2,11.75,44.1714
0.2,11.8,44.0639
0.2,11.85,43.9582
0.2,11.9,43.8544
0.2,11.95,43.7525
0.2,12,43.6525
0.2,12.05,43.5543
0.2,12.1,43.4579
0.2,12.15,43.3633
0.2,12.2,43.2705
0.2,12.25,43.1795
0.2,12.3,43.0902
0.2,12.35,43.0027
0.2,12.4,42.9168
0.2,12.45,42.8327
0.2,12.5,42.7503
0.2,12.55,42.6696
0.2,12.6,42.5905
0.2,12.65,42.5131
0.2,12.7,42.4373
0.2,12.75,42.3631
0.2,12.8,42.2905
0.2,12.85,42.2195
0.2,12.9,42.1501
0.2,12.95,42.0822
0.2,13,42.0159
0.2,13.05,41.9511
0.2,13.1,41.8879
0.2,13.15,41.8261
0.2,13.2,41.7659
0.2,13.25,41.7071
0.2,13.3,41.6498
0.2,13.35,41.594
0.2,13.4,41.5396
0.2,13.45,41.4866
0.2,13.5,41.4351
0.2,13.55,41.385
0.2,13.6,41.3363
0.2,13.65,41.289
0.2,13.7,41.2431
0.2,13.75,41.1985
0.2,13.8,41.1554
0.2,13.85,41.1135
0.2,13.9,41.0731
0.2,13.95,41.0339
0.2,14,40.9961
0.2,14.05,40.9596
0.2,14.1,40.9244
0.2,14.15,40.8906
0.2,14.2,40.858
0.2,14.25,40.8267
0.2,14.3,40.7967
0.2,14.35,40.768
0.2,14.4,40.7405
0.2,14.45,40.7143
0.2,14.5,40.6894
0.2,14.55,40.6657
0.2,14.6,40.6433
0.2,14.65,40.6221
0.2,14.7,40.6022
0.2,14.75,40.5834
0.2,14.8,40.5659
0.2,14.85,40.5497
0.2,14.9,40.5346
0.2,14.95,40.5208
0.2,15,40.5082
0.2,15.05,40.4968
0.2,15.1,40.4866
0.2,15.15,40.4776
0.2,15.2,40.4698
0.2,15.25,40.4632
0.2,15.3,40.4578
0.2,15.35,40.4536
0.2,15.4,40.4506
0.2,15.45,40.4488
0.2,15.5,40.4482
0.2,15.55,40.4488
0.2,15.6,40.4506
0.2,15.65,40.4536
0.2,15.7,40.4578
0.2,15.75,40.4632
0.2,15.8,40.4698
0.2,15.85,40.4776
0.2,15.9,40.4866
0.2,15.95,40.4968
0.2,16,40.5082
0.2,16.05,40.5208
0.2,16.1,40.5346
0.2,16.15,40.5497
0.2,16.2,40.5659
0.2,16.25,40.5834
0.2,16.3,40.6022
0.2,16.35,40.6221
0.2,16.4,40.6433
0.2,16.45,40.6657
0.2,16.5,40.6894
0.2,16.55,40.7143
0.2,16.6,40.7405
0.2,16.65,40.768
0.2,16.7,40.7967
0.2,16.75,40.8267
0.2,16.8,40.858
0.2,16.85,40.8906
0.2,16.9,40.9244
0.2,16.95,40.9596
0.2,17,40.9961
0.2,17.05,41.0339
0.2,17.1,41.0731
0.2,17.15,41.1135
0.2,17.2,41.1554
0.2,17.25,41.1985
0.2,17.3,41.2431
0.2,17.35,41.289
0.2,17.4,41.3363
0.2,17.45,41.385
0.2,17.5,41.4351
0.2,17.55,41.4866
0.2,17.6,41.5396
0.2,17.65,41.594
0.2,17.7,41.6498
0.2,17.75,41.7071
0.2,17.8,41.7659
0.2,17.85,41.8261
0.2,17.9,41.8879
0.2,17.95,41.9511
0.2,18,42.0159
0.2,18.05,42.0822
0.2,18.1,42.1501
0.2,18.15,42.2195
0.2,18.2,42.2905
0.2,18.25,42.3631
0.2,18.3,42.4373
0.2,18.35,42.5131
0.2,18.4,42.5905
0.2,18.45,42.6696
0.2,18.5,42.7503
0.2,18.55,42.8327
0.2,18.6,42.9168
0.2,18.65,43.0027
0.2,18.7,43.0902
0.2,18.75,43.1795
0.2,18.8,43.2705
0.2,18.85,43.3633
0.2,18.9,43.4579
0.2,18.95,43.5543
0.2,19,43.6525
0.2,19.05,43.7525
0.2,19.1,43.8544
0.2,19.15,43.9582
0.2,19.2,44.0639
0.2,19.25,44.1714
0.2,19.3,44.2809
0.2,19.35,44.3924
0.2,19.4,44.5058
0.2,19.45,44.6211
0.2,19.5,44.7385
0.2,19.55,44.8579
0.2,19.6,44.9793
0.2,19.65,45.1027
0.2,19.7,45.2283
0.2,19.75,45.3559
0.2,19.8,45.4856
0.2,19.85,45.6174
0.2,19.9,45.7514
0.2,19.95,45.8876
0.2,20,46.0259
0.2,20.05,46.1665
0.2,20.1,46.3093
0.2,20.15,46.4543
0.2,20.2,46.6016
0.2,20.25,46.7511
0.2,20.3,46.903
0.2,20.35,47.0572
0.2,20.4,47.2137
0.2,20.45,47.3726
0.2,20.5,47.5338
0.2,20.55,47.6975
0.2,20.6,47.8636
0.2,20.65,48.0321
0.2,20.7,48.2031
0.2,20.75,48.3766
0.2,20.8,48.5525
0.2,20.85,48.731
0.2,20.9,48.9121
0.2,20.95,49.0957
0.2,21,49.2819
0.2,21.05,49.4706
0.2,21.1,49.6621
0.2,21.15,49.8561
0.2,21.2,50.0528
0.2,21.25,50.2522
0.2,21.3,50.4543
0.2,21.35,50.6591
0.2,21.4,50.8667
0.2,21.45,51.077
0.2,21.5,51.2901
0.2,21.55,51.506
0.2,21.6,51.7247
0.2,21.65,51.9463
0.2,21.7,52.1707
0.2,21.75,52.398
0.2,21.8,52.6282
0.2,21.85,52.8613
0.2,21.9,53.0974
0.2,21.95,53.3364
0.2,22,53.5784
0.2,22.05,53.8233
0.2,22.1,54.0713
0.2,22.15,54.3223
0.2,22.2,54.5764
0.2,22.25,54.8335
0.2,22.3,55.0937
0.2,22.35,55.357
0.2,22.4,55.6234
0.2,22.45,55.8929
0.2,22.5,56.1656
0.2,22.55,56.4415
0.2,22.6,56.7205
0.2,22.65,57.0028
0.2,22.7,57.2882
0.2,22.75,57.5769
0.2,22.8,57.8689
0.2,22.85,58.1641
0.2,22.9,58.4626
0.2,22.95,58.7644
0.2,23,59.0695
0.2,23.05,59.3779
0.2,23.1,59.6896
0.2,23.15,60.0047
0.2,23.2,60.3232
0.2,23.25,60.645
0.2,23.3,60.9703
0.2,23.35,61.2989
0.2,23.4,61.631
0.2,23.45,61.9664
0.2,23.5,62.3054
0.2,23.55,62.6477
0.2,23.6,62.9936
0.2,23.65,63.3429
0.2,23.7,63.6957
0.2,23.75,64.0519
0.2,23.8,64.4117
0.2,23.85,64.775
0.2,23.9,65.1418
0.2,23.95,65.5122
0.2,24,65.8861
0.2,24.05,66.2635
0.2,24.1,66.6445
0.2,24.15,67.029
0.2,24.2,67.4171
0.2,24.25,67.8088
0.2,24.3,68.2041
0.2,24.35,68.6029
0.2,24.4,69.0054
0.2,24.45,69.4114
0.2,24.5,69.821
0.2,24.55,70.2342
0.2,24.6,70.6511
0.2,24.65,71.0715
0.2,24.7,71.4956
0.2,24.75,71.9232
0.2,24.8,72.3545
0.2,24.85,72.7894
0.2,24.9,73.2279
0.2,24.95,73.67
0.2,25,74.1158
0.2,25.05,74.5651
0.2,25.1,75.0181
0.2,25.15,75.4746
0.2,25.2,75.9348
0.2,25.25,76.3986
0.2,25.3,76.8659
0.2,25.35,77.3369
0.2,25.4,77.8115
0.2,25.45,78.2896
0.2,25.5,78.7714
0.2,25.55,79.2567
0.2,25.6,79.7455
0.2,25.65,80.238
0.2,25.7,80.7339
0.2,25.75,81.2335
0.2,25.8,81.7365
0.2,25.85,82.2431
0.2,25.9,82.7532
0.2,25.95,83.2668
0.2,26,83.7839
0.2,26.05,84.3045
0.2,26.1,84.8285
0.2,26.15,85.356
0.2,26.2,85.887
0.2,26.25,86.4214
0.2,26.3,86.9592
0.2,26.35,87.5004
0.2,26.4,88.045
0.2,26.45,88.593
0.2,26.5,89.1444
0.2,26.55,89.6991
0.2,26.6,90.2571
0.2,26.65,90.8185
0.2,26.7,91.3831
0.2,26.75,91.9511
0.2,26.8,92.5223
0.2,26.85,93.0967
0.2,26.9,93.6744
0.2,26.95,94.2553
0.2,27,94.8394
0.2,27.05,95.4266
0.2,27.1,96.017
0.2,27.15,96.6105
0.2,27.2,97.2071
0.2,27.25,97.8067
0.2,27.3,98.4094
0.2,27.35,99.0151
0.2,27.4,99.6237
0.2,27.45,100.235
0.2,27.5,100.85
0.2,27.55,101.467
0.2,27.6,102.087
0.2,27.65,102.71
0.2,27.7,103.336
0.2,27.75,103.964
0.2,27.8,104.595
0.2,27.85,105.229
0.2,27.9,105.865
0.2,27.95,106.503
0.2,28,107.144
0.2,28.05,107.788
0.2,28.1,108.434
0.2,28.15,109.082
0.2,28.2,109.733
0.2,28.25,110.386
0.2,28.3,111.041
0.2,28.35,111.699
0.2,28.4,112.359
0.2,28.45,113.022
0.2,28.5,113.687
0.2,28.55,114.355
0.2,28.6,115.026
0.2,28.65,115.699
0.2,28.7,116.376
0.2,28.75,117.056
0.2,28.8,117.739
0.2,28.85,118.426
0.2,28.9,119.116
0.2,28.95,119.809
0.2,29,120.505
0.2,29.05,121.205
0.2,29.1,121.907
0.2,29.15,122.612
0.2,29.2,123.319
0.2,29.25,124.026
0.2,29.3,124.733
0.2,29.35,125.438
0.2,29.4,126.14
0.2,29.45,126.838
0.2,29.5,127.529
0.2,29.55,128.211
0.2,29.6,128.883
0.2,29.65,129.544
0.2,29.7,130.191
0.2,29.75,130.825
0.2,29.8,131.447
0.2,29.85,132.059
0.2,29.9,132.666
0.2,29.95,133.275
0.2,30,133.898
0.2,30.05,134.548
0.2,30.1,135.244
0.2,30.15,136.011
0.2,30.2,136.873
0.2,30.25,137.861
0.2,30.3,139.004
0.2,30.35,140.327
0.2,30.4,141.842
0.2,30.45,143.54
0.2,30.5,145.369
0.2,30.55,147.218
0.2,30.6,148.876
0.2,30.65,149.985
0.2,30.7,149.982
0.2,30.75,147.998
0.2,30.8,142.749
0.2,30.85,132.367
0.2,30.9,114.185
0.2,30.95,84.4619
0.2,31,149
0.3,0,149
0.3,0.05,92.541
0.3,0.1,123.931
0.3,0.15,140.737
0.3,0.2,148.66
0.3,0.25,151.418
0.3,0.3,151.373
0.3,0.35,149.975
0.3,0.4,148.076
0.3,0.45,146.143
0.3,0.5,144.401
0.3,0.55,142.932
0.3,0.6,141.74
0.3,0.65,140.789
0.3,0.7,140.027
0.3,0.75,139.402
0.3,0.8,138.866
0.3,0.85,138.381
0.3,0.9,137.918
0.3,0.95,137.458
0.3,1,136.987
0.3,1.05,136.498
0.3,1.1,135.989
0.3,1.15,135.459
0.3,1.2,134.911
0.3,1.25,134.348
0.3,1.3,133.772
0.3,1.35,133.187
0.3,1.4,132.596
0.3,1.45,132.002
0.3,1.5,131.407
0.3,1.55,130.812
0.3,1.6,130.218
0.3,1.65,129.627
0.3,1.7,129.039
0.3,1.75,128.453
0.3,1.8,127.871
0.3,1.85,127.291
0.3,1.9,126.715
0.3,1.95,126.14
0.3,2,125.568
0.3,2.05,124.998
0.3,2.1,124.429
0.3,2.15,123.862
0.3,2.2,123.296
0.3,2.25,122.731
0.3,2.3,122.167
0.3,2.35,121.605
0.3,2.4,121.043
0.3,2.45,120.482
0.3,2.5,119.923
0.3,2.55,119.364
0.3,2.6,118.807
0.3,2.65,118.25
0.3,2.7,117.695
0.3,2.75,117.141
0.3,2.8,116.588
0.3,2.85,116.037
0.3,2.9,115.486
0.3,2.95,114.938
0.3,3,114.39
0.3,3.05,113.845
0.3,3.1,113.3
0.3,3.15,112.758
0.3,3.2,112.216
0.3,3.25,111.677
0.3,3.3,111.139
0.3,3.35,110.603
0.3,3.4,110.068
0.3,3.45,109.535
0.3,3.5,109.004
0.3,3.55,108.474
0.3,3.6,107.946
0.3,3.65,107.42
0.3,3.7,106.895
0.3,3.75,106.373
0.3,3.8,105.852
0.3,3.85,105.333
0.3,3.9,104.815
0.3,3.95,104.3
0.3,4,103.786
0.3,4.05,103.275
0.3,4.1,102.765
0.3,4.15,102.257
0.3,4.2,101.751
0.3,4.25,101.246
0.3,4.3,100.744
0.3,4.35,100.244
0.3,4.4,99.7455
0.3,4.45,99.2492
0.3,4.5,98.7549
0.3,4.55,98.2626
0.3,4.6,97.7723
0.3,4.65,97.284
0.3,4.7,96.7978
0.3,4.75,96.3137
0.3,4.8,95.8317
0.3,4.85,95.3518
0.3,4.9,94.874
0.3,4.95,94.3983
0.3,5,93.9248
0.3,5.05,93.4534
0.3,5.1,92.9842
0.3,5.15,92.5172
0.3,5.2,92.0523
0.3,5.25,91.5897
0.3,5.3,91.1293
0.3,5.35,90.6711
0.3,5.4,90.2151
0.3,5.45,89.7614
0.3,5.5,89.3099
0.3,5.55,88.8607
0.3,5.6,88.4138
0.3,5.65,87.9692
0.3,5.7,87.5268
0.3,5.75,87.0868
0.3,5.8,86.6491
0.3,5.85,86.2137
0.3,5.9,85.7806
0.3,5.95,85.3499
0.3,6,84.9215
0.3,6.05,84.4955
0.3,6.1,84.0718
0.3,6.15,83.6505
0.3,6.2,83.2316
0.3,6.25,82.8151
0.3,6.3,82.401
0.3,6.35,81.9892
0.3,6.4,81.5799
0.3,6.45,81.173
0.3,6.5,80.7685
0.3,6.55,80.3664
0.3,6.6,79.9668
0.3,6.65,79.5695
0.3,6.7,79.1748
0.3,6.75,78.7824
0.3,6.8,78.3926
0.3,6.85,78.0051
0.3,6.9,77.6202
0.3,6.95,77.2377
0.3,7,76.8576
0.3,7.05,76.4801
0.3,7.1,76.105
0.3,7.15,75.7323
0.3,7.2,75.3622
0.3,7.25,74.9945
0.3,7.3,74.6293
0.3,7.35,74.2666
0.3,7.4,73.9064
0.3,7.45,73.5487
0.3,7.5,73.1935
0.3,7.55,72.8408
0.3,7.6,72.4906
0.3,7.65,72.1428
0.3,7.7,71.7976
0.3,7.75,71.4549
0.3,7.8,71.1146
0.3,7.85,70.7769
0.3,7.9,70.4417
0.3,7.95,70.1089
0.3,8,69.7787
0.3,8.05,69.451
0.3,8.1,69.1257
0.3,8.15,68.803
0.3,8.2,68.4828
0.3,8.25,68.1651
0.3,8.3,67.8498
0.3,8.35,67.5371
0.3,8.4,67.2268
0.3,8.45,66.9191
0.3,8.5,66.6139
0.3,8.55,66.3111
0.3,8.6,66.0108
0.3,8.65,65.713
0.3,8.7,65.4177
0.3,8.75,65.1249
0.3,8.8,64.8346
0.3,8.85,64.5467
0.3,8.9,64.2613
0.3,8.95,63.9784
0.3,9,63.698
0.3,9.05,63.42
0.3,9.1,63.1445
0.3,9.15,62.8714
0.3,9.2,62.6009
0.3,9.25,62.3327
0.3,9.3,62.067
0.3,9.35,61.8038
0.3,9.4,61.543
0.3,9.45,61.2846
0.3,9.5,61.0287
0.3,9.55,60.7751
0.3,9.6,60.5241
0.3,9.65,60.2754
0.3,9.7,60.0292
0.3,9.75,59.7853
0.3,9.8,59.5439
0.3,9.85,59.3049
0.3,9.9,59.0683
0.3,9.95,58.834
0.3,10,58.6022
0.3,10.05,58.3727
0.3,10.1,58.1456
0.3,10.15,57.9209
0.3,10.2,57.6986
0.3,10.25,57.4786
0.3,10.3,57.261
0.3,10.35,57.0457
0.3,10.4,56.8328
0.3,10.45,56.6222
0.3,10.5,56.4139
0.3,10.55,56.208
0.3,10.6,56.0044
0.3,10.65,55.8032
0.3,10.7,55.6042
0.3,10.75,55.4075
0.3,10.8,55.2132
0.3,10.85,55.0211
0.3,10.9,54.8313
0.3,10.95,54.6438
0.3,11,54.4586
0.3,11.05,54.2757
0.3,11.1,54.095
0.3,11.15,53.9166
0.3,11.2,53.7404
0.3,11.25,53.5665
0.3,11.3,53.3948
0.3,11.35,53.2254
0.3,11.4,53.0582
0.3,11.45,52.8932
0.3,11.5,52.7304
0.3,11.55,52.5698
0.3,11.6,52.4115
0.3,11.65,52.2553
0.3,11.7,52.1014
0.3,11.75,51.9496
0.3,11.8,51.8
0.3,11.85,51.6526
0.3,11.9,51.5073
0.3,11.95,51.3643
0.3,12,51.2233
0.3,12.05,51.0846
0.3,12.1,50.9479
0.3,12.15,50.8135
0.3,12.2,50.6811
0.3,12.25,50.5509
0.3,12.3,50.4228
0.3,12.35,50.2968
0.3,12.4,50.1729
0.3,12.45,50.0512
0.3,12.5,49.9315
0.3,12.55,49.8139
0.3,12.6,49.6985
0.3,12.65,49.5851
0.3,12.7,49.4738
0.3,12.75,49.3645
0.3,12.8,49.2574
0.3,12.85,49.1523
0.3,12.9,49.0492
0.3,12.95,48.9482
0.3,13,48.8493
0.3,13.05,48.7524
0.3,13.1,48.6575
0.3,13.15,48.5647
0.3,13.2,48.4739
0.3,13.25,48.3852
0.3,13.3,48.2984
0.3,13.35,48.2137
0.3,13.4,48.131
0.3,13.45,48.0502
0.3,13.5,47.9715
0.3,13.55,47.8948
0.3,13.6,47.8201
0.3,13.65,47.7474
0.3,13.7,47.6767
0.3,13.75,47.6079
0.3,13.8,47.5411
0.3,13.85,47.4763
0.3,13.9,47.4135
0.3,13.95,47.3527
0.3,14,47.2938
0.3,14.05,47.2369
0.3,14.1,47.1819
0.3,14.15,47.1289
0.3,14.2,47.0778
0.3,14.25,47.0287
0.3,14.3,46.9816
0.3,14.35,46.9364
0.3,14.4,46.8931
0.3,14.45,46.8518
0.3,14.5,46.8124
0.3,14.55,46.7749
0.3,14.6,46.7394
0.3,14.65,46.7058
0.3,14.7,46.6742
0.3,14.75,46.6444
0.3,14.8,46.6166
0.3,14.85,46.5907
0.3,14.9,46.5668
0.3,14.95,46.5448
0.3,15,46.5246
0.3,15.05,46.5064
0.3,15.1,46.4902
0.3,15.15,46.4758
0.3,15.2,46.4634
0.3,15.25,46.4528
0.3,15.3,46.4442
0.3,15.35,46.4375
0.3,15.4,46.4327
0.3,15.45,46.4299
0.3,15.5,46.4289
0.3,15.55,46.4299
0.3,15.6,46.4327
0.3,15.65,46.4375
0.3,15.7,46.4442
0.3,15.75,46.4528
0.3,15.8,46.4634
0.3,15.85,46.4758
0.3,15.9,46.4902
0.3,15.95,46.5064
0.3,16,46.5246
0.3,16.05,46.5448
0.3,16.1,46.5668
0.3,16.15,46.5907
0.3,16.2,46.6166
0.3,16.25,46.6444
0.3,16.3,46.6742
0.3,16.35,46.7058
0.3,16.4,46.7394
0.3,16.45,46.7749
0.3,16.5,46.8124
0.3,16.55,46.8518
0.3,16.6,46.8931
0.3,16.65,46.9364
0.3,16.7,46.9816
0.3,16.75,47.0287
0.3,16.8,47.0778
0.3,16.85,47.1289
0.3,16.9,47.1819
0.3,16.95,47.2369
0.3,17,47.2938
0.3,17.05,47.3527
0.3,17.1,47.4135
0.3,17.15,47.4763
0.3,17.2,47.5411
0.3,17.25,47.6079
0.3,17.3,47.6767
0.3,17.35,47.7474
0.3,17.4,47.8201
0.3,17.45,47.8948
0.3,17.5,47.9715
0.3,17.55,48.0502
0.3,17.6,48.131
0.3,17.65,48.2137
0.3,17.7,48.2984
0.3,17.75,48.3852
0.3,17.8,48.4739
0.3,17.85,48.5647
0.3,17.9,48.6575
0.3,17.95,48.7524
0.3,18,48.8493
0.3,18.05,48.9482
0.3,18.1,49.0492
0.3,18.15,49.1523
0.3,18.2,49.2574
0.3,18.25,49.3645
0.3,18.3,49.4738
0.3,18.35,49.5851
0.3,18.4,49.6985
0.3,18.45,49.8139
0.3,18.5,49.9315
0.3,18.55,50.0512
0.3,18.6,50.1729
0.3,18.65,50.2968
0.3,18.7,50.4228
0.3,18.75,50.5509
0.3,18.8,50.6811
0.3,18.85,50.8135
0.3,18.9,50.9479
0.3,18.95,51.0846
0.3,19,51.2233
0.3,19.05,51.3643
0.3,19.1,51.5073
0.3,19.15,51.6526
0.3,19.2,51.8
0.3,19.25,51.9496
0.3,19.3,52.1014
0.3,19.35,52.2553
0.3,19.4,52.4115
0.3,19.45,52.5698
0.3,19.5,52.7304
0.3,19.55,52.8932
0.3,19.6,53.0582
0.3,19.65,53.2254
0.3,19.7,53.3948
0.3,19.75,53.5665
0.3,19.8,53.7404
0.3,19.85,53.9166
0.3,19.9,54.095
0.3,19.95,54.2757
0.3,20,54.4586
0.3,20.05,54.6438
0.3,20.1,54.8313
0.3,20.15,55.0211
0.3,20.2,55.2132
0.3,20.25,55.4075
0.3,20.3,55.6042
0.3,20.35,55.8032
0.3,20.4,56.0044
0.3,20.45,56.208
0.3,20.5,56.4139
0.3,20.55,56.6222
0.3,20.6,56.8328
0.3,20.65,57.0457
0.3,20.7,57.261
0.3,20.75,57.4786
0.3,20.8,57.6986
0.3,20.85,57.9209
0.3,20.9,58.1456
0.3,20.95,58.3727
0.3,21,58.6022
0.3,21.05,58.834
0.3,21.1,59.0683
0.3,21.15,59.3049
0.3,21.2,59.5439
0.3,21.25,59.7853
0.3,21.3,60.0292
0.3,21.35,60.2754
0.3,21.4,60.5241
0.3,21.45,60.7751
0.3,21.5,61.0287
0.3,21.55,61.2846
0.3,21.6,61.543
0.3,21.65,61.8038
0.3,21.7,62.067
0.3,21.75,62.3327
0.3,21.8,62.6009
0.3,21.85,62.8714
0.3,21.9,63.1445
0.3,21.95,63.42
0.3,22,63.698
0.3,22.05,63.9784
0.3,22.1,64.2613
0.3,22.15,64.5467
0.3,22.2,64.8346
0.3,22.25,65.1249
0.3,22.3,65.4177
0.3,22.35,65.713
0.3,22.4,66.0108
0.3,22.45,66.3111
0.3,22.5,66.6139
0.3,22.55,66.9191
0.3,22.6,67.2268
0.3,22.65,67.5371
0.3,22.7,67.8498
0.3,22.75,68.1651
0.3,22.8,68.4828
0.3,22.85,68.803
0.3,22.9,69.1257
0.3,22.95,69.451
0.3,23,69.7787
0.3,23.05,70.1089
0.3,23.1,70.4417
0.3,23.15,70.7769
0.3,23.2,71.1146
0.3,23.25,71.4549
0.3,23.3,71.7976
0.3,23.35,72.1428
0.3,23.4,72.4906
0.3,23.45,72.8408
0.3,23.5,73.1935
0.3,23.55,73.5487
0.3,23.6,73.9064
0.3,23.65,74.2666
0.3,23.7,74.6293
0.3,23.75,74.9945
0.3,23.8,75.3622
0.3,23.85,75.7323
0.3,23.9,76.105
0.3,23.95,76.4801
0.3,24,76.8576
0.3,24.05,77.2377
0.3,24.1,77.6202
0.3,24.15,78.0051
0.3,24.2,78.3926
0.3,24.25,78.7824
0.3,24.3,79.1748
0.3,24.35,79.5695
0.3,24.4,79.9668
0.3,24.45,80.3664
0.3,24.5,80.7685
0.3,24.55,81.173
0.3,24.6,81.5799
0.3,24.65,81.9892
0.3,24.7,82.401
0.3,24.75,82.8151
0.3,24.8,83.2316
0.3,24.85,83.6505
0.3,24.9,84.0718
0.3,24.95,84.4955
0.3,25,84.9215
0.3,25.05,85.3499
0.3,25.1,85.7806
0.3,25.15,86.2137
0.3,25.2,86.6491
0.3,25.25,87.0868
0.3,25.3,87.5268
0.3,25.35,87.9692
0.3,25.4,88.4138
0.3,25.45,88.8607
0.3,25.5,89.3099
0.3,25.55,89.7614
0.3,25.6,90.2151
0.3,25.65,90.6711
0.3,25.7,91.1293
0.3,25.75,91.5897
0.3,25.8,92.0523
0.3,25.85,92.5172
0.3,25.9,92.9842
0.3,25.95,93.4534
0.3,26,93.9248
0.3,26.05,94.3983
0.3,26.1,94.874
0.3,26.15,95.3518
0.3,26.2,95.8317
0.3,26.25,96.3137
0.3,26.3,96.7978
0.3,26.35,97.284
0.3,26.4,97.7723
0.3,26.45,98.2626
0.3,26.5,98.7549
0.3,26.55,99.2492
0.3,26.6,99.7455
0.3,26.65,100.244
0.3,26.7,100.744
0.3,26.75,101.246
0.3,26.8,101.751
0.3,26.85,102.257
0.3,26.9,102.765
0.3,26.95,103.275
0.3,27,103.786
0.3,27.05,104.3
0.3,27.1,104.815
0.3,27.15,105.333
0.3,27.2,105.852
0.3,27.25,106.373
0.3,27.3,106.895
0.3,27.35,107.42
0.3,27.4,107.946
0.3,27.45,108.474
0.3,27.5,109.004
0.3,27.55,109.535
0.3,27.6,110.068
0.3,27.65,110.603
0.3,27.7,111.139
0.3,27.75,111.677
0.3,27.8,112.216
0.3,27.85,112.758
0.3,27.9,113.3
0.3,27.95,113.845
0.3,28,114.39
0.3,28.05,114.938
0.3,28.1,115.486
0.3,28.15,116.037
0.3,28.2,116.588
0.3,28.25,117.141
0.3,28.3,117.695
0.3,28.35,118.25
0.3,28.4,118.807
0.3,28.45,119.364
0.3,28.5,119.923
0.3,28.55,120.482
0.3,28.6,121.043
0.3,28.65,121.605
0.3,28.7,122.167
0.3,28.75,122.731
0.3,28.8,123.296
0.3,28.85,123.862
0.3,28.9,124.429
0.3,28.95,124.998
0.3,29,125.568
0.3,29.05,126.14
0.3,29.1,126.715
0.3,29.15,127.291
0.3,29.2,127.871
0.3,29.25,128.453
0.3,29.3,129.039
0.3,29.35,129.627
0.3,29.4,130.218
0.3,29.45,130.812
0.3,29.5,131.407
0.3,29.55,132.002
0.3,29.6,132.596
0.3,29.65,133.187
0.3,29.7,133.772
0.3,29.75,134.348
0.3,29.8,134.911
0.3,29.85,135.459
0.3,29.9,135.989
0.3,29.95,136.498
0.3,30,136.987
0.3,30.05,137.458
0.3,30.1,137.918
0.3,30.15,138.381
0.3,30.2,138.866
0.3,30.25,139.402
0.3,30.3,140.027
0.3,30.35,140.789
0.3,30.4,141.74
0.3,30.45,142.932
0.3,30.5,144.401
0.3,30.55,146.143
0.3,30.6,148.076
0.3,30.65,149.975
0.3,30.7,151.373
0.3,30.75,151.418
0.3,30.8,148.66
0.3,30.85,140.737
0.3,30.9,123.931
0.3,30.95,92.541
0.3,31,149
0.4,0,149
0.4,0.05,98.6741
0.4,0.1,130.528
0.4,0.15,145.596
0.4,0.2,151.352
0.4,0.25,152.306
0.4,0.3,151.072
0.4,0.35,149.086
0.4,0.4,147.072
0.4,0.45,145.34
0.4,0.5,143.975
0.4,0.55,142.953
0.4,0.6,142.201
0.4,0.65,141.638
0.4,0.7,141.194
0.4,0.75,140.81
0.4,0.8,140.446
0.4,0.85,140.077
0.4,0.9,139.686
0.4,0.95,139.269
0.4,1,138.825
0.4,1.05,138.356
0.4,1.1,137.868
0.4,1.15,137.364
0.4,1.2,136.85
0.4,1.25,136.331
0.4,1.3,135.808
0.4,1.35,135.286
0.4,1.4,134.765
0.4,1.45,134.247
0.4,1.5,133.732
0.4,1.55,133.221
0.4,1.6,132.713
0.4,1.65,132.207
0.4,1.7,131.704
0.4,1.75,131.203
0.4,1.8,130.703
0.4,1.85,130.205
0.4,1.9,129.708
0.4,1.95,129.211
0.4,2,128.716
0.4,2.05,128.22
0.4,2.1,127.725
0.4,2.15,127.231
0.4,2.2,126.737
0.4,2.25,126.243
0.4,2.3,125.75
0.4,2.35,125.257
0.4,2.4,124.765
0.4,2.45,124.274
0.4,2.5,123.784
0.4,2.55,123.294
0.4,2.6,122.806
0.4,2.65,122.318
0.4,2.7,121.831
0.4,2.75,121.345
0.4,2.8,120.86
0.4,2.85,120.376
0.4,2.9,119.893
0.4,2.95,119.411
0.4,3,118.93
0.4,3.05,118.45
0.4,3.1,117.971
0.4,3.15,117.493
0.4,3.2,117.017
0.4,3.25,116.541
0.4,3.3,116.067
0.4,3.35,115.593
0.4,3.4,115.121
0.4,3.45,114.65
0.4,3.5,114.18
0.4,3.55,113.711
0.4,3.6,113.243
0.4,3.65,112.777
0.4,3.7,112.312
0.4,3.75,111.848
0.4,3.8,111.385
0.4,3.85,110.923
0.4,3.9,110.463
0.4,3.95,110.004
0.4,4,109.546
0.4,4.05,109.09
0.4,4.1,108.635
0.4,4.15,108.181
0.4,4.2,107.729
0.4,4.25,107.277
0.4,4.3,106.828
0.4,4.35,106.379
0.4,4.4,105.933
0.4,4.45,105.487
0.4,4.5,105.043
0.4,4.55,104.6
0.4,4.6,104.159
0.4,4.65,103.719
0.4,4.7,103.281
0.4,4.75,102.844
0.4,4.8,102.409
0.4,4.85,101.975
0.4,4.9,101.543
0.4,4.95,101.112
0.4,5,100.683
0.4,5.05,100.255
0.4,5.1,99.8291
0.4,5.15,99.4046
0.4,5.2,98.9817
0.4,5.25,98.5603
0.4,5.3,98.1406
0.4,5.35,97.7225
0.4,5.4,97.306
0.4,5.45,96.8911
0.4,5.5,96.4779
0.4,5.55,96.0663
0.4,5.6,95.6564
0.4,5.65,95.2482
0.4,5.7,94.8417
0.4,5.75,94.4369
0.4,5.8,94.0337
0.4,5.85,93.6323
0.4,5.9,93.2326
0.4,5.95,92.8347
0.4,6,92.4385
0.4,6.05,92.044
0.4,6.1,91.6513
0.4,6.15,91.2604
0.4,6.2,90.8713
0.4,6.25,90.4839
0.4,6.3,90.0984
0.4,6.35,89.7146
0.4,6.4,89.3327
0.4,6.45,88.9526
0.4,6.5,88.5743
0.4,6.55,88.1978
0.4,6.6,87.8232
0.4,6.65,87.4504
0.4,6.7,87.0795
0.4,6.75,86.7105
0.4,6.8,86.3433
0.4,6.85,85.9781
0.4,6.9,85.6147
0.4,6.95,85.2532
0.4,7,84.8936
0.4,7.05,84.5359
0.4,7.1,84.1801
0.4,7.15,83.8263
0.4,7.2,83.4743
0.4,7.25,83.1244
0.4,7.3,82.7763
0.4,7.35,82.4302
0.4,7.4,82.0861
0.4,7.45,81.7439
0.4,7.5,81.4037
0.4,7.55,81.0654
0.4,7.6,80.7291
0.4,7.65,80.3948
0.4,7.7,80.0625
0.4,7.75,79.7322
0.4,7.8,79.4039
0.4,7.85,79.0776
0.4,7.9,78.7533
0.4,7.95,78.431
0.4,8,78.1107
0.4,8.05,77.7924
0.4,8.1,77.4762
0.4,8.15,77.162
0.4,8.2,76.8498
0.4,8.25,76.5397
0.4,8.3,76.2316
0.4,8.35,75.9255
0.4,8.4,75.6215
0.4,8.45,75.3196
0.4,8.5,75.0197
0.4,8.55,74.7219
0.4,8.6,74.4261
0.4,8.65,74.1325
0.4,8.7,73.8409
0.4,8.75,73.5513
0.4,8.8,73.2639
0.4,8.85,72.9785
0.4,8.9,72.6952
0.4,8.95,72.414
0.4,9,72.1349
0.4,9.05,71.8579
0.4,9.1,71.583
0.4,9.15,71.3102
0.4,9.2,71.0395
0.4,9.25,70.7709
0.4,9.3,70.5044
0.4,9.35,70.24
0.4,9.4,69.9777
0.4,9.45,69.7176
0.4,9.5,69.4595
0.4,9.55,69.2036
0.4,9.6,68.9498
0.4,9.65,68.6981
0.4,9.7,68.4486
0.4,9.75,68.2012
0.4,9.8,67.9559
0.4,9.85,67.7127
0.4,9.9,67.4716
0.4,9.95,67.2327
0.4,10,66.996
0.4,10.05,66.7613
0.4,10.1,66.5288
0.4,10.15,66.2985
0.4,10.2,66.0703
0.4,10.25,65.8442
0.4,10.3,65.6202
0.4,10.35,65.3984
0.4,10.4,65.1788
0.4,10.45,64.9613
0.4,10.5,64.7459
0.4,10.55,64.5327
0.4,10.6,64.3216
0.4,10.65,64.1127
0.4,10.7,63.906
0.4,10.75,63.7013
0.4,10.8,63.4989
0.4,10.85,63.2985
0.4,10.9,63.1004
0.4,10.95,62.9044
0.4,11,62.7105
0.4,11.05,62.5188
0.4,11.1,62.3292
0.4,11.15,62.1418
0.4,11.2,61.9566
0.4,11.25,61.7735
0.4,11.3,61.5925
0.4,11.35,61.4137
0.4,11.4,61.2371
0.4,11.45,61.0626
0.4,11.5,60.8903
0.4,11.55,60.7201
0.4,11.6,60.5521
0.4,11.65,60.3862
0.4,11.7,60.2225
0.4,11.75,60.0609
0.4,11.8,59.9015
0.4,11.85,59.7442
0.4,11.9,59.5891
0.4,11.95,59.4362
0.4,12,59.2854
0.4,12.05,59.1368
0.4,12.1,58.9903
0.4,12.15,58.8459
0.4,12.2,58.7037
0.4,12.25,58.5637
0.4,12.3,58.4258
0.4,12.35,58.2901
0.4,12.4,58.1565
0.4,12.45,58.0251
0.4,12.5,57.8958
0.4,12.55,57.7687
0.4,12.6,57.6437
0.4,12.65,57.5208
0.4,12.7,57.4002
0.4,12.75,57.2816
0.4,12.8,57.1652
0.4,12.85,57.051
0.4,12.9,56.9389
0.4,12.95,56.8289
0.4,13,56.7211
0.4,13.05,56.6155
0.4,13.1,56.5119
0.4,13.15,56.4106
0.4,13.2,56.3113
0.4,13.25,56.2143
0.4,13.3,56.1193
0.4,13.35,56.0265
0.4,13.4,55.9358
0.4,13.45,55.8473
0.4,13.5,55.7609
0.4,13.55,55.6767
0.4,13.6,55.5946
0.4,13.65,55.5146
0.4,13.7,55.4368
0.4,13.75,55.3611
0.4,13.8,55.2876
0.4,13.85,55.2162
0.4,13.9,55.1469
0.4,13.95,55.0798
0.4,14,55.0148
0.4,14.05,54.9519
0.4,14.1,54.8912
0.4,14.15,54.8326
0.4,14.2,54.7761
0.4,14.25,54.7218
0.4,14.3,54.6696
0.4,14.35,54.6195
0.4,14.4,54.5716
0.4,14.45,54.5258
0.4,14.5,54.4821
0.4,14.55,54.4406
0.4,14.6,54.4012
0.4,14.65,54.3639
0.4,14.7,54.3288
0.4,14.75,54.2958
0.4,14.8,54.2649
0.4,14.85,54.2362
0.4,14.9,54.2096
0.4,14.95,54.1851
0.4,15,54.1627
0.4,15.05,54.1425
0.4,15.1,54.1244
0.4,15.15,54.1084
0.4,15.2,54.0946
0.4,15.25,54.0829
0.4,15.3,54.0733
0.4,15.35,54.0659
0.4,15.4,54.0605
0.4,15.45,54.0573
0.4,15.5,54.0563
0.4,15.55,54.0573
0.4,15.6,54.0605
0.4,15.65,54.0659
0.4,15.7,54.0733
0.4,15.75,54.0829
0.4,15.8,54.0946
0.4,15.85,54.1084
0.4,15.9,54.1244
0.4,15.95,54.1425
0.4,16,54.1627
0.4,16.05,54.1851
0.4,16.1,54.2096
0.4,16.15,54.2362
0.4,16.2,54.2649
0.4,16.25,54.2958
0.4,16.3,54.3288
0.4,16.35,54.3639
0.4,16.4,54.4012
0.4,16.45,54.4406
0.4,16.5,54.4821
0.4,16.55,54.5258
0.4,16.6,54.5716
0.4,16.65,54.6195
0.4,16.7,54.6696
0.4,16.75,54.7218
0.4,16.8,54.7761
0.4,16.85,54.8326
0.4,16.9,54.8912
0.4,16.95,54.9519
0.4,17,55.0148
0.4,17.05,55.0798
0.4,17.1,55.1469
0.4,17.15,55.2162
0.4,17.2,55.2876
0.4,17.25,55.3611
0.4,17.3,55.4368
0.4,17.35,55.5146
0.4,17.4,55.5946
0.4,17.45,55.6767
0.4,17.5,55.7609
0.4,17.55,55.8473
0.4,17.6,55.9358
0.4,17.65,56.0265
0.4,17.7,56.1193
0.4,17.75,56.2143
0.4,17.8,56.3113
0.4,17.85,56.4106
0.4,17.9,56.5119
0.4,17.95,56.6155
0.4,18,56.7211
0.4,18.05,56.8289
0.4,18.1,56.9389
0.4,18.15,57.051
0.4,18.2,57.1652
0.4,18.25,57.2816
0.4,18.3,57.4002
0.4,18.35,57.5208
0.4,18.4,57.6437
0.4,18.45,57.7687
0.4,18.5,57.8958
0.4,18.55,58.0251
0.4,18.6,58.1565
0.4,18.65,58.2901
0.4,18.7,58.4258
0.4,18.75,58.5637
0.4,18.8,58.7037
0.4,18.85,58.8459
0.4,18.9,58.9903
0.4,18.95,59.1368
0.4,19,59.2854
0.4,19.05,59.4362
0.4,19.1,59.5891
0.4,19.15,59.7442
0.4,19.2,59.9015
0.4,19.25,60.0609
0.4,19.3,60.2225
0.4,19.35,60.3862
0.4,19.4,60.5521
0.4,19.45,60.7201
0.4,19.5,60.8903
0.4,19.55,61.0626
0.4,19.6,61.2371
0.4,19.65,61.4137
0.4,19.7,61.5925
0.4,19.75,61.7735
0.4,19.8,61.9566
0.4,19.85,62.1418
0.4,19.9,62.3292
0.4,19.95,62.5188
0.4,20,62.7105
0.4,20.05,62.9044
0.4,20.1,63.1004
0.4,20.15,63.2985
0.4,20.2,63.4989
0.4,20.25,63.7013
0.4,20.3,63.906
0.4,20.35,64.1127
0.4,20.4,64.3216
0.4,20.45,64.5327
0.4,20.5,64.7459
0.4,20.55,64.9613
0.4,20.6,65.1788
0.4,20.65,65.3984
0.4,20.7,65.6202
0.4,20.75,65.8442
0.4,20.8,66.0703
0.4,20.85,66.2985
0.4,20.9,66.5288
0.4,20.95,66.7613
0.4,21,66.996
0.4,21.05,67.2327
0.4,21.1,67.4716
0.4,21.15,67.7127
0.4,21.2,67.9559
0.4,21.25,68.2012
0.4,21.3,68.4486
0.4,21.35,68.6981
0.4,21.4,68.9498
0.4,21.45,69.2036
0.4,21.5,69.4595
0.4,21.55,69.7176
0.4,21.6,69.9777
0.4,21.65,70.24
0.4,21.7,70.5044
0.4,21.75,70.7709
0.4,21.8,71.0395
0.4,21.85,71.3102
0.4,21.9,71.583
0.4,21.95,71.8579
0.4,22,72.1349
0.4,22.05,72.414
0.4,22.1,72.6952
0.4,22.15,72.9785
0.4,22.2,73.2639
0.4,22.25,73.5513
0.4,22.3,73.8409
0.4,22.35,74.1325
0.4,22.4,74.4261
0.4,22.45,74.7219
0.4,22.5,75.0197
0.4,22.55,75.3196
0.4,22.6,75.6215
0.4,22.65,75.9255
0.4,22.7,76.2316
0.4,22.75,76.5397
0.4,22.8,76.8498
0.4,22.85,77.162
0.4,22.9,77.4762
0.4,22.95,77.7924
0.4,23,78.1107
0.4,23.05,78.431
0.4,23.1,78.7533
0.4,23.15,79.0776
0.4,23.2,79.4039
0.4,23.25,79.7322
0.4,23.3,80.0625
0.4,23.35,80.3948
0.4,23.4,80.7291
0.4,23.45,81.0654
0.4,23.5,81.4037
0.4,23.55,81.7439
0.4,23.6,82.0861
0.4,23.65,82.4302
0.4,23.7,82.7763
0.4,23.75,83.1244
0.4,23.8,83.4743
0.4,23.85,83.8263
0.4,23.9,84.1801
0.4,23.95,84.5359
0.4,24,84.8936
0.4,24.05,85.2532
0.4,24.1,85.6147
0.4,24.15,85.9781
0.4,24.2,86.3433
0.4,24.25,86.7105
0.4,24.3,87.0795
0.4,24.35,87.4504
0.4,24.4,87.8232
0.4,24.45,88.1978
0.4,24.5,88.5743
0.4,24.55,88.9526
0.4,24.6,89.3327
0.4,24.65,89.7146
0.4,24.7,90.0984
0.4,24.75,90.4839
0.4,24.8,90.8713
0.4,24.85,91.2604
0.4,24.9,91.6513
0.4,24.95,92.044
0.4,25,92.4385
0.4,25.05,92.8347
0.4,25.1,93.2326
0.4,25.15,93.6323
0.4,25.2,94.0337
0.4,25.25,94.4369
0.4,25.3,94.8417
0.4,25.35,95.2482
0.4,25.4,95.6564
0.4,25.45,96.0663
0.4,25.5,96.4779
0.4,25.55,96.8911
0.4,25.6,97.306
0.4,25.65,97.7225
0.4,25.7,98.1406
0.4,25.75,98.5603
0.4,25.8,98.9817
0.4,25.85,99.4046
0.4,25.9,99.8291
0.4,25.95,100.255
0.4,26,100.683
0.4,26.05,101.112
0.4,26.1,101.543
0.4,26.15,101.975
0.4,26.2,102.409
0.4,26.25,102.844
0.4,26.3,103.281
0.4,26.35,103.719
0.4,26.4,104.159
0.4,26.45,104.6
0.4,26.5,105.043
0.4,26.55,105.487
0.4,26.6,105.933
0.4,26.65,106.379
0.4,26.7,106.828
0.4,26.75,107.277
0.4,26.8,107.729
0.4,26.85,108.181
0.4,26.9,108.635
0.4,26.95,109.09
0.4,27,109.546
0.4,27.05,110.004
0.4,27.1,110.463
0.4,27.15,110.923
0.4,27.2,111.385
0.4,27.25,111.848
0.4,27.3,112.312
0.4,27.35,112.777
0.4,27.4,113.243
0.4,27.45,113.711
0.4,27.5,114.18
0.4,27.55,114.65
0.4,27.6,115.121
0.4,27.65,115.593
0.4,27.7,116.067
0.4,27.75,116.541
0.4,27.8,117.017
0.4,27.85,117.493
0.4,27.9,117.971
0.4,27.95,118.45
0.4,28,118.93
0.4,28.05,119.411
0.4,28.1,119.893
0.4,28.15,120.376
0.4,28.2,120.86
0.4,28.25,121.345
0.4,28.3,121.831
0.4,28.35,122.318
0.4,28.4,122.806
0.4,28.45,123.294
0.4,28.5,123.784
0.4,28.55,124.274
0.4,28.6,124.765
0.4,28.65,125.257
0.4,28.7,125.75
0.4,28.75,126.243
0.4,28.8,126.737
0.4,28.85,127.231
0.4,28.9,127.725
0.4,28.95,128.22
0.4,29,128.716
0.4,29.05,129.211
0.4,29.1,129.708
0.4,29.15,130.205
0.4,29.2,130.703
0.4,29.25,131.203
0.4,29.3,131.704
0.4,29.35,132.207
0.4,29.4,132.713
0.4,29.45,133.221
0.4,29.5,133.732
0.4,29.55,134.247
0.4,29.6,134.765
0.4,29.65,135.286
0.4,29.7,135.808
0.4,29.75,136.331
0.4,29.8,136.85
0.4,29.85,137.364
0.4,29.9,137.868
0.4,29.95,138.356
0.4,30,138.825
0.4,30.05,139.269
0.4,30.1,139.686
0.4,30.15,140.077
0.4,30.2,140.446
0.4,30.25,140.81
0.4,30.3,141.194
0.4,30.35,141.638
0.4,30.4,142.201
0.4,30.45,142.953
0.4,30.5,143.975
0.4,30.55,145.34
0.4,30.6,147.072
0.4,30.65,149.086
0.4,30.7,151.072
0.4,30.75,152.306
0.4,30.8,151.352
0.4,30.85,145.596
0.4,30.9,130.528
0.4,30.95,98.6741
0.4,31,149
0.5,0,149
0.5,0.05,103.607
0.5,0.1,135.308
0.5,0.15,148.609
0.5,0.2,152.562
0.5,0.25,152.247
0.5,0.3,150.361
0.5,0.35,148.218
0.5,0.4,146.371
0.5,0.45,144.972
0.5,0.5,143.99
0.5,0.55,143.324
0.5,0.6,142.866
0.5,0.65,142.523
0.5,0.7,142.226
0.5,0.75,141.932
0.5,0.8,141.615
0.5,0.85,141.266
0.5,0.9,140.884
0.5,0.95,140.471
0.5,1,140.035
0.5,1.05,139.583
0.5,1.1,139.12
0.5,1.15,138.652
0.5,1.2,138.184
0.5,1.25,137.716
0.5,1.3,137.252
0.5,1.35,136.791
0.5,1.4,136.334
0.5,1.45,135.881
0.5,1.5,135.43
0.5,1.55,134.982
0.5,1.6,134.536
0.5,1.65,134.091
0.5,1.7,133.647
0.5,1.75,133.203
0.5,1.8,132.76
0.5,1.85,132.317
0.5,1.9,131.874
0.5,1.95,131.432
0.5,2,130.989
0.5,2.05,130.547
0.5,2.1,130.105
0.5,2.15,129.663
0.5,2.2,129.222
0.5,2.25,128.781
0.5,2.3,128.341
0.5,2.35,127.901
0.5,2.4,127.462
0.5,2.45,127.024
0.5,2.5,126.586
0.5,2.55,126.149
0.5,2.6,125.713
0.5,2.65,125.278
0.5,2.7,124.843
0.5,2.75,124.409
0.5,2.8,123.976
0.5,2.85,123.543
0.5,2.9,123.112
0.5,2.95,122.681
0.5,3,122.251
0.5,3.05,121.821
0.5,3.1,121.393
0.5,3.15,120.965
0.5,3.2,120.538
0.5,3.25,120.112
0.5,3.3,119.687
0.5,3.35,119.262
0.5,3.4,118.839
0.5,3.45,118.416
0.5,3.5,117.995
0.5,3.55,117.574
0.5,3.6,117.154
0.5,3.65,116.735
0.5,3.7,116.317
0.5,3.75,115.9
0.5,3.8,115.484
0.5,3.85,115.069
0.5,3.9,114.655
0.5,3.95,114.241
0.5,4,113.829
0.5,4.05,113.418
0.5,4.1,113.008
0.5,4.15,112.599
0.5,4.2,112.191
0.5,4.25,111.785
0.5,4.3,111.379
0.5,4.35,110.974
0.5,4.4,110.571
0.5,4.45,110.168
0.5,4.5,109.767
0.5,4.55,109.367
0.5,4.6,108.968
0.5,4.65,108.57
0.5,4.7,108.173
0.5,4.75,107.777
0.5,4.8,107.383
0.5,4.85,106.99
0.5,4.9,106.598
0.5,4.95,106.207
0.5,5,105.818
0.5,5.05,105.429
0.5,5.1,105.042
0.5,5.15,104.657
0.5,5.2,104.272
0.5,5.25,103.889
0.5,5.3,103.507
0.5,5.35,103.126
0.5,5.4,102.747
0.5,5.45,102.369
0.5,5.5,101.993
0.5,5.55,101.617
0.5,5.6,101.243
0.5,5.65,100.871
0.5,5.7,100.499
0.5,5.75,100.129
0.5,5.8,99.761
0.5,5.85,99.3939
0.5,5.9,99.0282
0.5,5.95,98.6639
0.5,6,98.3011
0.5,6.05,97.9396
0.5,6.1,97.5796
0.5,6.15,97.2211
0.5,6.2,96.864
0.5,6.25,96.5083
0.5,6.3,96.1542
0.5,6.35,95.8015
0.5,6.4,95.4503
0.5,6.45,95.1006
0.5,6.5,94.7524
0.5,6.55,94.4057
0.5,6.6,94.0606
0.5,6.65,93.717
0.5,6.7,93.3749
0.5,6.75,93.0343
0.5,6.8,92.6953
0.5,6.85,92.3579
0.5,6.9,92.022
0.5,6.95,91.6878
0.5,7,91.3551
0.5,7.05,91.0239
0.5,7.1,90.6944
0.5,7.15,90.3665
0.5,7.2,90.0402
0.5,7.25,89.7156
0.5,7.3,89.3925
0.5,7.35,89.0711
0.5,7.4,88.7514
0.5,7.45,88.4332
0.5,7.5,88.1168
0.5,7.55,87.802
0.5,7.6,87.4889
0.5,7.65,87.1774
0.5,7.7,86.8676
0.5,7.75,86.5596
0.5,7.8,86.2532
0.5,7.85,85.9485
0.5,7.9,85.6455
0.5,7.95,85.3443
0.5,8,85.0447
0.5,8.05,84.7469
0.5,8.1,84.4508
0.5,8.15,84.1565
0.5,8.2,83.8639
0.5,8.25,83.5731
0.5,8.3,83.284
0.5,8.35,82.9967
0.5,8.4,82.7111
0.5,8.45,82.4273
0.5,8.5,82.1453
0.5,8.55,81.8651
0.5,8.6,81.5867
0.5,8.65,81.3101
0.5,8.7,81.0353
0.5,8.75,80.7623
0.5,8.8,80.4911
0.5,8.85,80.2217
0.5,8.9,79.9541
0.5,8.95,79.6884
0.5,9,79.4245
0.5,9.05,79.1624
0.5,9.1,78.9022
0.5,9.15,78.6439
0.5,9.2,78.3873
0.5,9.25,78.1327
0.5,9.3,77.8799
0.5,9.35,77.629
0.5,9.4,77.3799
0.5,9.45,77.1327
0.5,9.5,76.8874
0.5,9.55,76.644
0.5,9.6,76.4025
0.5,9.65,76.1628
0.5,9.7,75.9251
0.5,9.75,75.6893
0.5,9.8,75.4553
0.5,9.85,75.2233
0.5,9.9,74.9932
0.5,9.95,74.765
0.5,10,74.5387
0.5,10.05,74.3144
0.5,10.1,74.0919
0.5,10.15,73.8715
0.5,10.2,73.6529
0.5,10.25,73.4363
0.5,10.3,73.2216
0.5,10.35,73.0089
0.5,10.4,72.7981
0.5,10.45,72.5893
0.5,10.5,72.3825
0.5,10.55,72.1776
0.5,10.6,71.9746
0.5,10.65,71.7737
0.5,10.7,71.5747
0.5,10.75,71.3776
0.5,10.8,71.1826
0.5,10.85,70.9895
0.5,10.9,70.7984
0.5,10.95,70.6093
0.5,11,70.4222
0.5,11.05,70.2371
0.5,11.1,70.054
0.5,11.15,69.8728
0.5,11.2,69.6937
0.5,11.25,69.5166
0.5,11.3,69.3414
0.5,11.35,69.1683
0.5,11.4,68.9972
0.5,11.45,68.8281
0.5,11.5,68.661
0.5,11.55,68.496
0.5,11.6,68.3329
0.5,11.65,68.1719
0.5,11.7,68.0129
0.5,11.75,67.8559
0.5,11.8,67.701
0.5,11.85,67.5481
0.5,11.9,67.3972
0.5,11.95,67.2483
0.5,12,67.1015
0.5,12.05,66.9568
0.5,12.1,66.814
0.5,12.15,66.6734
0.5,12.2,66.5347
0.5,12.25,66.3981
0.5,12.3,66.2636
0.5,12.35,66.1311
0.5,12.4,66.0006
0.5,12.45,65.8722
0.5,12.5,65.7459
0.5,12.55,65.6216
0.5,12.6,65.4994
0.5,12.65,65.3793
0.5,12.7,65.2612
0.5,12.75,65.1451
0.5,12.8,65.0312
0.5,12.85,64.9193
0.5,12.9,64.8094
0.5,12.95,64.7017
0.5,13,64.596
0.5,13.05,64.4924
0.5,13.1,64.3908
0.5,13.15,64.2913
0.5,13.2,64.194
0.5,13.25,64.0986
0.5,13.3,64.0054
0.5,13.35,63.9142
0.5,13.4,63.8251
0.5,13.45,63.7382
0.5,13.5,63.6532
0.5,13.55,63.5704
0.5,13.6,63.4897
0.5,13.65,63.411
0.5,13.7,63.3344
0.5,13.75,63.2599
0.5,13.8,63.1875
0.5,13.85,63.1172
0.5,13.9,63.049
0.5,13.95,62.9829
0.5,14,62.9188
0.5,14.05,62.8569
0.5,14.1,62.797
0.5,14.15,62.7393
0.5,14.2,62.6836
0.5,14.25,62.63
0.5,14.3,62.5786
0.5,14.35,62.5292
0.5,14.4,62.4819
0.5,14.45,62.4367
0.5,14.5,62.3936
0.5,14.55,62.3527
0.5,14.6,62.3138
0.5,14.65,62.277
0.5,14.7,62.2423
0.5,14.75,62.2097
0.5,14.8,62.1792
0.5,14.85,62.1508
0.5,14.9,62.1246
0.5,14.95,62.1004
0.5,15,62.0783
0.5,15.05,62.0583
0.5,15.1,62.0404
0.5,15.15,62.0247
0.5,15.2,62.011
0.5,15.25,61.9994
0.5,15.3,61.99
0.5,15.35,61.9826
0.5,15.4,61.9773
0.5,15.45,61.9742
0.5,15.5,61.9731
0.5,15.55,61.9742
0.5,15.6,61.9773
0.5,15.65,61.9826
0.5,15.7,61.99
0.5,15.75,61.9994
0.5,15.8,62.011
0.5,15.85,62.0247
0.5,15.9,62.0404
0.5,15.95,62.0583
0.5,16,62.0783
0.5,16.05,62.1004
0.5,16.1,62.1246
0.5,16.15,62.1508
0.5,16.2,62.1792
0.5,16.25,62.2097
0.5,16.3,62.2423
0.5,16.35,62.277
0.5,16.4,62.3138
0.5,16.45,62.3527
0.5,16.5,62.3936
0.5,16.55,62.4367
0.5,16.6,62.4819
0.5,16.65,62.5292
0.5,16.7,62.5786
0.5,16.75,62.63
0.5,16.8,62.6836
0.5,16.85,62.7393
0.5,16.9,62.797
0.5,16.95,62.8569
0.5,17,62.9188
0.5,17.05,62.9829
0.5,17.1,63.049
0.5,17.15,63.1172
0.5,17.2,63.1875
0.5,17.25,63.2599
0.5,17.3,63.3344
0.5,17.35,63.411
0.5,17.4,63.4897
0.5,17.45,63.5704
0.5,17.5,63.6532
0.5,17.55,63.7382
0.5,17.6,63.8251
0.5,17.65,63.9142
0.5,17.7,64.0054
0.5,17.75,64.0986
0.5,17.8,64.194
0.5,17.85,64.2913
0.5,17.9,64.3908
0.5,17.95,64.4924
0.5,18,64.596
0.5,18.05,64.7017
0.5,18.1,64.8094
0.5,18.15,64.9193
0.5,18.2,65.0312
0.5,18.25,65.1451
0.5,18.3,65.2612
0.5,18.35,65.3793
0.5,18.4,65.4994
0.5,18.45,65.6216
0.5,18.5,65.7459
0.5,18.55,65.8722
0.5,18.6,66.0006
0.5,18.65,66.1311
0.5,18.7,66.2636
0.5,18.75,66.3981
0.5,18.8,66.5347
0.5,18.85,66.6734
0.5,18.9,66.814
0.5,18.95,66.9568
0.5,19,67.1015
0.5,19.05,67.2483
0.5,19.1,67.3972
0.5,19.15,67.5481
0.5,19.2,67.701
0.5,19.25,67.8559
0.5,19.3,68.0129
0.5,19.35,68.1719
0.5,19.4,68.3329
0.5,19.45,68.496
0.5,19.5,68.661
0.5,19.55,68.8281
0.5,19.6,68.9972
0.5,19.65,69.1683
0.5,19.7,69.3414
0.5,19.75,69.5166
0.5,19.8,69.6937
0.5,19.85,69.8728
0.5,19.9,70.054
0.5,19.95,70.2371
0.5,20,70.4222
0.5,20.05,70.6093
0.5,20.1,70.7984
0.5,20.15,70.9895
0.5,20.2,71.1826
0.5,20.25,71.3776
0.5,20.3,71.5747
0.5,20.35,71.7737
0.5,20.4,71.9746
0.5,20.45,72.1776
0.5,20.5,72.3825
0.5,20.55,72.5893
0.5,20.6,72.7981
0.5,20.65,73.0089
0.5,20.7,73.2216
0.5,20.75,73.4363
0.5,20.8,73.6529
0.5,20.85,73.8715
0.5,20.9,74.0919
0.5,20.95,74.3144
0.5,21,74.5387
0.5,21.05,74.765
0.5,21.1,74.9932
0.5,21.15,75.2233
0.5,21.2,75.4553
0.5,21.25,75.6893
0.5,21.3,75.9251
0.5,21.35,76.1628
0.5,21.4,76.4025
0.5,21.45,76.644
0.5,21.5,76.8874
0.5,21.55,77.1327
0.5,21.6,77.3799
0.5,21.65,77.629
0.5,21.7,77.8799
0.5,21.75,78.1327
0.5,21.8,78.3873
0.5,21.85,78.6439
0.5,21.9,78.9022
0.5,21.95,79.1624
0.5,22,79.4245
0.5,22.05,79.6884
0.5,22.1,79.9541
0.5,22.15,80.2217
0.5,22.2,80.4911
0.5,22.25,80.7623
0.5,22.3,81.0353
0.5,22.35,81.3101
0.5,22.4,81.5867
0.5,22.45,81.8651
0.5,22.5,82.1453
0.5,22.55,82.4273
0.5,22.6,82.7111
0.5,22.65,82.9967
0.5,22.7,83.284
0.5,22.75,83.5731
0.5,22.8,83.8639
0.5,22.85,84.1565
0.5,22.9,84.4508
0.5,22.95,84.7469
0.5,23,85.0447
0.5,23.05,85.3443
0.5,23.1,85.6455
0.5,23.15,85.9485
0.5,23.2,86.2532
0.5,23.25,86.5596
0.5,23.3,86.8676
0.5,23.35,87.1774
0.5,23.4,87.4889
0.5,23.45,87.802
0.5,23.5,88.1168
0.5,23.55,88.4332
0.5,23.6,88.7514
0.5,23.65,89.0711
0.5,23.7,89.3925
0.5,23.75,89.7156
0.5,23.8,90.0402
0.5,23.85,90.3665
0.5,23.9,90.6944
0.5,23.95,91.0239
0.5,24,91.3551
0.5,24.05,91.6878
0.5,24.1,92.022
0.5,24.15,92.3579
0.5,24.2,92.6953
0.5,24.25,93.0343
0.5,24.3,93.3749
0.5,24.35,93.717
0.5,24.4,94.0606
0.5,24.45,94.4057
0.5,24.5,94.7524
0.5,24.55,95.1006
0.5,24.6,95.4503
0.5,24.65,95.8015
0.5,24.7,96.1542
0.5,24.75,96.5083
0.5,24.8,96.864
0.5,24.85,97.2211
0.5,24.9,97.5796
0.5,24.95,97.9396
0.5,25,98.3011
0.5,25.05,98.6639
0.5,25.1,99.0282
0.5,25.15,99.3939
0.5,25.2,99.761
0.5,25.25,100.129
0.5,25.3,100.499
0.5,25.35,100.871
0.5,25.4,101.243
0.5,25.45,101.617
0.5,25.5,101.993
0.5,25.55,102.369
0.5,25.6,102.747
0.5,25.65,103.126
0.5,25.7,103.507
0.5,25.75,103.889
0.5,25.8,104.272
0.5,25.85,104.657
0.5,25.9,105.042
0.5,25.95,105.429
0.5,26,105.818
0.5,26.05,106.207
0.5,26.1,106.598
0.5,26.15,106.99
0.5,26.2,107.383
0.5,26.25,107.777
0.5,26.3,108.173
0.5,26.35,108.57
0.5,26.4,108.968
0.5,26.45,109.367
0.5,26.5,109.767
0.5,26.55,110.168
0.5,26.6,110.571
0.5,26.65,110.974
0.5,26.7,111.379
0.5,26.75,111.785
0.5,26.8,112.191
0.5,26.85,112.599
0.5,26.9,113.008
0.5,26.95,113.418
0.5,27,113.829
0.5,27.05,114.241
0.5,27.1,114.655
0.5,27.15,115.069
0.5,27.2,115.484
0.5,27.25,115.9
0.5,27.3,116.317
0.5,27.35,116.735
0.5,27.4,117.154
0.5,27.45,117.574
0.5,27.5,117.995
0.5,27.55,118.416
0.5,27.6,118.839
0.5,27.65,119.262
0.5,27.7,119.687
0.5,27.75,120.112
0.5,27.8,120.538
0.5,27.85,120.965
0.5,27.9,121.393
0.5,27.95,121.821
0.5,28,122.251
0.5,28.05,122.681
0.5,28.1,123.112
0.5,28.15,123.543
0.5,28.2,123.976
0.5,28.25,124.409
0.5,28.3,124.843
0.5,28.35,125.278
0.5,28.4,125.713
0.5,28.45,126.149
0.5,28.5,126.586
0.5,28.55,127.024
0.5,28.6,127.462
0.5,28.65,127.901
0.5,28.7,128.341
0.5,28.75,128.781
0.5,28.8,129.222
0.5,28.85,129.663
0.5,28.9,130.105
0.5,28.95,130.547
0.5,29,130.989
0.5,29.05,131.432
0.5,29.1,131.874
0.5,29.15,132.317
0.5,29.2,132.76
0.5,29.25,133.203
0.5,29.3,133.647
0.5,29.35,134.091
0.5,29.4,134.536
0.5,29.45,134.982
0.5,29.5,135.43
0.5,29.55,135.881
0.5,29.6,136.334
0.5,29.65,136.791
0.5,29.7,137.252
0.5,29.75,137.716
0.5,29.8,138.184
0.5,29.85,138.652
0.5,29.9,139.12
0.5,29.95,139.583
0.5,30,140.035
0.5,30.05,140.471
0.5,30.1,140.884
0.5,30.15,141.266
0.5,30.2,141.615
0.5,30.25,141.932
0.5,30.3,142.226
0.5,30.35,142.523
0.5,30.4,142.866
0.5,30.45,143.324
0.5,30.5,143.99
0.5,30.55,144.972
0.5,30.6,146.371
0.5,30.65,148.218
0.5,30.7,150.361
0.5,30.75,152.247
0.5,30.8,152.562
0.5,30.85,148.609
0.5,30.9,135.308
0.5,30.95,103.607
0.5,31,149
